destination,duration,total_budget,travelers,region,season,purpose,accommodation_type,accommodation,transportation,food,activities,miscellaneous
PAR,10,4218,5,North America,shoulder,family,hotel,1564.78,1113.97,809.51,461.55,268.2
MIA,6,7895,4,Middle East,shoulder,leisure,hotel,2745.08,2497.85,1543.17,873.77,235.14
TYO,13,4902,4,Oceania,peak,adventure,apartment,1874.68,1264.04,890.22,568.36,304.7
LAS,7,5052,3,Europe,peak,romantic,airbnb,1542.62,1240.81,1073.44,837.19,357.95
PAR,9,2707,4,North America,off_peak,leisure,resort,839.17,891.07,516.63,342.34,117.79
DXB,1,4926,5,North America,off_peak,romantic,resort,1790.75,930.98,872.79,913.91,417.58
LAX,11,7419,4,Middle East,shoulder,adventure,resort,2532.8,2152.36,1095.3,1377.69,260.84
PAR,7,9335,5,Middle East,peak,leisure,hostel,3642.02,1672.2,2252.49,1429.83,338.46
TYO,8,8886,2,Asia,off_peak,leisure,hostel,3446.04,1401.34,2100.81,1523.52,414.29
LAS,12,9180,5,Asia,shoulder,adventure,resort,3321.29,1549.1,2242.15,1351.89,715.58
MIA,14,2704,1,Asia,shoulder,adventure,apartment,1074.67,511.09,606.37,397.57,114.31
TYO,3,5845,1,Middle East,shoulder,adventure,hostel,2014.66,1780.17,1162.42,638.1,249.64
TYO,4,3776,1,Asia,off_peak,romantic,hostel,1401.03,959.77,710.31,400.7,304.2
LAX,10,1602,3,Asia,off_peak,adventure,hotel,685.24,245.14,244.56,292.09,134.97
LON,6,5743,3,Europe,peak,romantic,hotel,1898.97,1723.13,1091.05,618.1,411.75
LAS,10,7114,3,Asia,peak,family,apartment,2361.67,2162.38,1067.58,995.32,527.04
NYC,7,9933,5,North America,shoulder,leisure,hostel,3167.21,2251.71,2379.82,1399.44,734.82
TYO,13,9207,3,Middle East,shoulder,leisure,hostel,3571.59,1602.49,2071.82,1420.76,540.34
LON,14,5723,2,Oceania,off_peak,business,airbnb,1867.32,1893.36,947.44,728.57,286.31
NYC,4,9084,1,Europe,off_peak,family,apartment,2682.69,2124.07,2169.48,1646.2,461.55
LAS,8,1130,5,Middle East,peak,adventure,apartment,362.21,307.35,164.25,197.05,99.15
BKK,5,9671,1,Middle East,peak,adventure,airbnb,4068.23,2172.07,1893.95,977.28,559.48
DXB,1,7183,3,North America,peak,family,airbnb,2045.2,1981.29,1431.28,1175.46,549.78
LON,4,777,5,Asia,off_peak,adventure,hotel,221.06,244.47,137.76,111.79,61.92
SYD,3,732,4,North America,shoulder,business,apartment,292.8,210.84,116.26,82.83,29.27
BKK,9,6190,2,Asia,peak,romantic,apartment,1815.97,1256.62,1481.36,1239.27,396.77
DXB,8,8159,3,Asia,peak,leisure,airbnb,3018.99,1476.28,1921.68,1048.91,693.14
LAX,1,525,3,Middle East,off_peak,family,resort,205.42,151.09,73.31,77.21,17.97
PAR,11,7968,2,Asia,peak,leisure,resort,2248.95,1436.03,2163.72,1709.08,410.22
MIA,6,6910,2,Europe,shoulder,romantic,hotel,2251.06,2135.78,1250.57,872.82,399.76
SYD,9,9152,4,Europe,off_peak,family,resort,3481.52,2094.29,1948.15,1221.56,406.48
LAX,7,4264,3,Europe,peak,romantic,resort,1523.91,800.22,965.39,554.91,419.57
LAS,4,7099,3,Middle East,peak,adventure,resort,2037.52,1847.76,1496.78,1127.85,589.1
LAX,13,5602,1,North America,off_peak,adventure,hostel,1907.93,960.64,1277.98,980.5,474.95
PAR,1,7506,5,Oceania,off_peak,adventure,hotel,2842.42,2011.09,1107.79,1278.44,266.27
LAS,12,3983,5,Asia,peak,romantic,airbnb,1270.41,1095.16,821.16,427.37,368.9
SYD,2,2494,1,Oceania,shoulder,romantic,resort,922.77,620.67,442.37,424.96,83.22
PAR,12,9182,5,North America,off_peak,romantic,hostel,3644.83,1610.47,1725.18,1453.49,748.03
NYC,5,1572,2,North America,shoulder,leisure,resort,445.59,359.18,362.2,272.4,132.63
MIA,12,7207,5,Middle East,peak,romantic,hostel,2416.36,2006.87,1313.87,922.84,547.07
SYD,11,715,5,Europe,shoulder,adventure,hotel,297.96,134.0,124.91,120.49,37.65
NYC,5,8105,1,Europe,peak,business,resort,2905.4,2035.67,1484.68,885.66,793.58
DXB,8,3106,4,North America,peak,romantic,hostel,1060.19,777.23,552.08,458.87,257.62
SYD,6,8850,5,Middle East,peak,business,apartment,3369.21,1785.3,1820.81,1268.35,606.33
DXB,8,5281,5,Middle East,peak,adventure,apartment,1788.7,1627.97,1088.74,601.47,174.11
LAS,2,3813,4,Asia,shoulder,romantic,hostel,1479.71,676.61,803.46,604.49,248.74
NYC,3,8263,1,Europe,peak,leisure,resort,3640.96,1721.23,1441.48,922.25,537.08
MIA,6,6439,4,North America,peak,leisure,resort,1873.18,1823.3,1104.39,1052.02,586.1
PAR,12,2795,1,Oceania,shoulder,business,hotel,776.55,702.79,589.1,538.04,188.51
TYO,13,6185,2,Europe,off_peak,leisure,hotel,2142.12,1816.44,1213.8,800.44,212.2
LAX,10,2196,1,Asia,shoulder,leisure,airbnb,698.07,571.57,435.44,339.63,151.29
BKK,3,2446,2,Middle East,shoulder,leisure,hotel,848.18,686.02,432.74,357.19,121.86
MIA,6,3283,2,North America,shoulder,adventure,resort,1059.18,1012.14,656.29,407.14,148.24
NYC,6,4144,1,Europe,peak,leisure,airbnb,1571.67,1063.91,762.32,521.96,224.13
TYO,2,5741,3,Oceania,peak,family,hotel,1618.26,1491.36,1420.58,858.98,351.83
MIA,7,6920,1,Asia,peak,romantic,hostel,2014.08,1921.97,1213.6,1249.41,520.94
NYC,12,8057,5,Asia,off_peak,leisure,apartment,3069.2,1955.73,1338.86,1113.3,579.91
LON,2,3145,5,Europe,peak,leisure,hotel,855.23,872.49,768.91,413.35,235.02
LON,6,7089,3,Oceania,off_peak,leisure,hotel,2742.17,1670.47,1468.16,867.8,340.39
DXB,1,6853,2,Asia,peak,family,hostel,2381.6,1807.59,1513.36,760.61,389.83
MIA,3,2432,3,North America,shoulder,leisure,resort,866.0,479.08,549.21,396.52,141.2
LON,2,2257,5,Asia,peak,leisure,hostel,702.77,504.44,565.32,404.98,79.49
NYC,7,5585,3,Oceania,off_peak,romantic,hotel,2085.28,1359.1,1174.39,659.12,307.11
DXB,14,6137,1,Middle East,off_peak,family,resort,2277.21,1084.98,1281.46,970.05,523.3
NYC,4,1616,3,Middle East,peak,family,airbnb,539.06,337.54,313.46,334.66,91.28
DXB,8,992,2,Europe,shoulder,leisure,hotel,371.15,235.89,193.86,122.0,69.1
MIA,6,9311,1,Oceania,peak,family,hostel,3693.73,1406.63,2101.82,1465.13,643.7
TYO,12,8388,4,Asia,peak,business,airbnb,3124.13,1742.46,1594.74,1498.27,428.4
PAR,10,6974,5,Asia,peak,family,apartment,2580.13,1154.49,1675.23,1063.32,500.83
SYD,4,5458,5,Middle East,shoulder,family,airbnb,1438.33,1835.7,949.86,861.61,372.5
TYO,5,9967,3,Middle East,off_peak,family,hostel,3906.7,2003.82,2165.31,1326.97,564.2
LAS,13,3243,1,North America,shoulder,adventure,airbnb,1086.27,866.82,612.1,536.68,141.13
NYC,13,8366,4,Middle East,off_peak,adventure,hostel,3454.57,1414.95,1734.45,1242.99,519.04
LAS,9,7660,1,North America,off_peak,adventure,hotel,2648.35,2127.17,1409.74,1161.64,313.1
TYO,7,5951,5,Asia,off_peak,family,resort,2507.37,1164.01,1142.55,746.95,390.12
DXB,10,5758,1,North America,shoulder,business,apartment,2097.93,1661.63,788.19,819.61,390.65
SYD,14,9048,4,North America,peak,family,resort,3165.1,2514.28,1538.12,1321.6,508.91
SYD,14,7686,3,Europe,peak,leisure,resort,2206.7,2265.74,1643.21,1050.2,520.15
BKK,9,6602,2,Middle East,peak,business,resort,2330.62,1785.58,1236.79,844.51,404.5
SYD,7,9561,1,North America,peak,adventure,hostel,3413.82,1830.2,1968.54,1597.63,750.81
PAR,12,9577,2,Asia,peak,romantic,hostel,3941.23,2753.94,1489.36,1058.59,333.89
SYD,1,9975,5,Oceania,shoulder,business,apartment,3368.37,2466.96,2106.2,1289.3,744.17
TYO,12,1119,3,North America,shoulder,adventure,hostel,356.66,317.15,216.86,160.41,67.92
BKK,8,1382,3,Middle East,shoulder,business,hostel,570.6,338.27,230.87,150.39,91.87
TYO,4,9488,1,Europe,shoulder,business,hostel,3831.37,1717.21,1851.06,1369.49,718.87
TYO,3,4142,3,Asia,shoulder,family,hostel,1493.69,826.4,813.48,573.61,434.82
LAX,14,1796,1,Europe,shoulder,leisure,hotel,523.2,499.45,352.56,337.08,83.71
BKK,13,8936,1,Oceania,shoulder,romantic,apartment,3067.5,1746.87,1895.94,1833.99,391.7
TYO,7,3395,2,North America,peak,adventure,hostel,1047.82,1125.35,730.1,374.88,116.85
LAX,12,7093,3,North America,off_peak,business,apartment,1668.46,2152.98,1495.16,1173.88,602.52
LAX,3,1429,1,Middle East,shoulder,romantic,airbnb,499.72,283.94,270.66,244.68,130.0
BKK,8,5866,2,North America,off_peak,business,hotel,1903.87,1452.27,1373.75,625.64,510.46
LAS,6,9211,4,Asia,shoulder,leisure,hostel,2792.03,2444.45,1702.21,1587.83,684.48
DXB,5,3712,2,Oceania,shoulder,romantic,hotel,1123.28,1111.77,744.19,593.06,139.71
PAR,4,2909,2,Europe,peak,adventure,hotel,1298.26,558.12,524.25,343.27,185.09
DXB,8,8699,1,Oceania,off_peak,business,airbnb,3465.32,1625.01,1518.72,1496.28,593.68
SYD,8,3923,5,North America,peak,leisure,apartment,1514.95,729.62,838.79,464.57,375.07
PAR,12,7476,5,Europe,peak,romantic,hotel,2767.6,2210.61,1237.4,956.23,304.16
SYD,1,8094,5,Middle East,off_peak,business,resort,2789.95,1759.08,1899.11,942.96,702.89
TYO,9,5658,2,Oceania,peak,business,airbnb,1600.04,1175.63,1415.16,1076.06,391.11
NYC,14,4167,1,Europe,shoulder,adventure,resort,1166.04,1219.78,855.14,590.44,335.6
BKK,5,6473,3,Europe,shoulder,leisure,airbnb,2276.37,1136.99,1630.37,1200.19,229.08
PAR,4,6736,2,Europe,shoulder,family,resort,2494.15,1170.98,1642.07,1133.23,295.57
PAR,6,8777,2,Asia,shoulder,business,resort,2710.08,1666.86,2140.53,1849.43,410.1
TYO,6,2968,1,Oceania,shoulder,romantic,hotel,981.49,718.64,573.06,464.08,230.73
LAS,2,6717,4,Europe,peak,adventure,hotel,2146.08,1900.78,1348.05,870.73,451.36
LAX,8,4119,2,Oceania,peak,adventure,airbnb,1949.87,738.42,666.96,456.18,307.58
TYO,7,2136,4,Europe,shoulder,business,apartment,844.03,468.42,428.81,317.93,76.81
LON,1,8655,4,Middle East,shoulder,business,hotel,3027.67,1482.32,1551.51,1745.27,848.23
LAX,5,4083,5,Middle East,peak,business,hotel,1421.14,1022.81,794.15,578.64,266.26
BKK,12,4509,1,Middle East,off_peak,family,hostel,1652.18,1089.22,802.82,745.45,219.32
LAX,6,3826,4,North America,peak,business,hotel,1347.02,889.06,667.39,741.8,180.74
LAS,4,8648,1,Europe,peak,leisure,apartment,2815.06,1645.73,2096.89,1432.17,658.16
LAX,2,2717,5,North America,peak,romantic,hostel,1121.57,592.01,458.7,324.57,220.15
BKK,13,5467,1,Oceania,peak,business,resort,2228.51,1143.28,983.32,669.88,442.0
LAS,14,2869,2,North America,peak,family,resort,853.51,524.57,645.04,577.38,268.5
DXB,4,4138,4,Oceania,off_peak,romantic,hostel,1305.1,1119.41,784.98,767.83,160.69
PAR,1,9635,1,Oceania,shoulder,adventure,hostel,3523.56,2363.24,1613.08,1665.94,469.18
PAR,7,6222,3,Oceania,shoulder,business,hostel,2178.8,1501.97,1164.51,955.2,421.51
SYD,2,4944,1,North America,off_peak,romantic,airbnb,1761.05,1337.92,732.31,703.27,409.45
DXB,13,8118,4,Europe,shoulder,adventure,apartment,2348.03,2113.24,1944.34,1392.35,320.04
DXB,2,4447,5,North America,shoulder,family,apartment,1398.77,1068.01,1060.09,500.61,419.52
LAX,9,2176,5,Europe,shoulder,leisure,resort,775.1,452.97,456.17,384.65,107.11
PAR,5,1696,4,Europe,off_peak,business,resort,497.33,517.69,403.14,212.65,65.2
BKK,2,3287,2,Oceania,off_peak,leisure,resort,1256.59,830.56,492.14,598.65,109.05
MIA,11,7932,2,North America,shoulder,family,hotel,2931.07,1834.79,1607.19,948.09,610.86
MIA,9,8427,5,Europe,shoulder,romantic,resort,3378.51,1847.6,1546.48,947.79,706.6
LAS,9,3818,5,Middle East,shoulder,romantic,hostel,1422.63,983.98,654.18,626.65,130.56
PAR,1,9358,4,Europe,peak,family,resort,3053.13,2274.37,1759.22,1591.86,679.41
PAR,11,7189,2,Middle East,peak,family,hostel,2235.31,1780.34,1493.08,1271.08,409.2
MIA,3,2676,5,North America,peak,business,airbnb,677.22,695.26,582.25,478.37,242.9
PAR,4,4243,2,North America,off_peak,adventure,hotel,1656.41,725.57,959.5,570.85,330.67
LAX,14,9292,5,North America,shoulder,leisure,hotel,3183.96,2821.71,1720.89,948.96,616.48
LON,7,4922,1,Europe,off_peak,leisure,apartment,1296.77,1565.22,924.69,708.73,426.58
NYC,10,4324,3,Asia,off_peak,romantic,airbnb,1611.64,905.07,772.08,645.48,389.73
DXB,4,9671,1,Europe,off_peak,romantic,hostel,3692.28,3092.79,1419.22,1145.14,321.56
SYD,2,2951,5,Europe,shoulder,business,airbnb,1238.84,551.5,495.23,483.4,182.02
LAS,7,1128,3,Oceania,peak,family,hotel,415.67,261.66,203.63,150.76,96.28
LON,6,8278,3,Oceania,shoulder,leisure,hostel,2899.28,1909.21,1619.97,1054.35,795.19
MIA,3,4196,5,Europe,shoulder,business,airbnb,1100.83,1307.33,702.87,748.57,336.4
DXB,6,4174,5,Middle East,off_peak,romantic,hotel,1469.44,1138.56,732.26,631.34,202.4
PAR,11,4429,2,Oceania,off_peak,romantic,hostel,1396.58,1280.27,737.03,777.14,237.99
SYD,6,3265,5,Europe,off_peak,leisure,hostel,1005.56,954.66,615.37,464.25,225.16
PAR,12,4869,4,Asia,peak,romantic,hotel,2079.04,957.49,1013.21,671.43,147.82
BKK,5,8807,5,Middle East,peak,romantic,hostel,2497.16,1951.88,1874.73,1708.11,775.11
BKK,4,5456,4,North America,peak,adventure,hotel,2152.43,983.36,1065.81,815.64,438.76
SYD,10,1192,5,Europe,shoulder,family,resort,308.69,300.54,281.88,200.18,100.71
SYD,12,3662,2,Europe,off_peak,romantic,resort,1414.28,700.37,589.56,669.73,288.05
MIA,1,1605,4,Middle East,shoulder,adventure,hostel,647.59,333.29,373.17,182.97,67.98
SYD,10,3508,1,Oceania,peak,business,hostel,1209.53,924.43,627.48,433.64,312.91
LAX,6,2661,4,Oceania,off_peak,romantic,hotel,924.91,652.49,496.18,502.31,85.1
PAR,2,8845,2,Oceania,peak,business,hostel,2641.88,2580.72,1510.91,1467.52,643.96
LON,13,4199,4,North America,off_peak,romantic,apartment,1531.91,1126.61,843.4,384.05,313.04
TYO,3,4286,5,Middle East,off_peak,leisure,resort,1225.31,1228.72,986.26,515.7,330.01
SYD,14,9756,5,Middle East,shoulder,adventure,hostel,2944.79,2358.76,2737.05,1324.61,390.79
LAS,8,4700,2,Oceania,shoulder,adventure,hostel,1523.41,1439.7,709.08,609.63,418.18
BKK,10,2413,3,Oceania,peak,leisure,airbnb,690.52,535.33,574.97,389.44,222.74
LAX,14,9908,5,Asia,shoulder,family,hostel,2704.02,3317.59,2417.77,1147.18,321.43
DXB,14,6020,1,Asia,shoulder,adventure,apartment,2348.09,1291.81,1086.11,847.0,446.99
TYO,6,2272,2,Europe,shoulder,business,resort,892.44,408.54,375.81,406.15,189.06
LON,3,3280,4,Europe,off_peak,adventure,airbnb,1059.06,989.36,633.75,344.73,253.1
TYO,7,7923,4,Middle East,shoulder,family,hotel,2788.84,1317.0,1525.67,1477.19,814.29
SYD,4,3371,1,Middle East,peak,business,hotel,1056.04,689.56,713.98,626.82,284.6
MIA,14,1160,5,North America,off_peak,business,resort,418.4,319.33,201.36,165.58,55.34
BKK,9,6742,2,North America,off_peak,leisure,hotel,2858.93,1155.34,1459.82,844.04,423.87
BKK,5,1632,1,Asia,shoulder,romantic,apartment,542.95,376.09,308.44,307.11,97.42
DXB,3,1199,5,Europe,off_peak,leisure,hostel,433.27,264.4,224.4,169.16,107.76
MIA,2,7970,2,Asia,peak,romantic,resort,2679.35,1586.81,1998.08,973.31,732.44
PAR,11,6797,4,Asia,peak,leisure,airbnb,1925.2,1936.9,1134.69,1322.06,478.14
NYC,2,8312,2,Europe,off_peak,romantic,hostel,2889.84,1629.16,1712.01,1559.97,521.02
LAX,3,5057,3,North America,shoulder,adventure,hotel,1655.81,1469.12,1061.28,645.13,225.66
BKK,2,2679,2,Europe,shoulder,business,hotel,933.78,822.73,413.37,422.93,86.18
LAS,14,9565,3,Oceania,off_peak,romantic,airbnb,3123.49,2405.8,1693.05,1464.11,878.55
BKK,4,8775,2,Oceania,peak,adventure,apartment,3728.11,1445.0,1505.09,1681.17,415.63
TYO,2,1922,3,Oceania,off_peak,family,airbnb,758.97,392.02,362.62,232.7,175.69
BKK,10,3680,4,Middle East,shoulder,leisure,resort,1507.77,740.16,821.38,480.13,130.55
BKK,9,4816,5,North America,shoulder,family,airbnb,1804.38,1209.86,797.2,562.95,441.61
NYC,2,7196,3,North America,off_peak,adventure,hotel,2719.91,2008.29,1048.06,1129.93,289.81
NYC,9,1114,3,Middle East,peak,family,apartment,485.74,174.92,201.95,155.78,95.62
LON,13,5070,4,Asia,off_peak,family,apartment,1947.78,1086.8,997.72,886.64,151.06
PAR,6,770,3,Oceania,peak,adventure,airbnb,297.67,246.14,111.11,75.83,39.25
LAS,1,2968,1,Oceania,peak,business,resort,847.75,778.99,706.17,496.47,138.62
BKK,4,4107,4,Asia,off_peak,romantic,hotel,1416.81,1067.25,904.63,426.5,291.81
BKK,14,3575,1,Europe,off_peak,leisure,hostel,1435.56,831.25,618.28,388.79,301.12
LAX,1,789,4,Europe,peak,romantic,apartment,234.5,238.87,167.42,98.17,50.04
NYC,14,8620,3,North America,peak,leisure,airbnb,2442.07,1937.37,2113.12,1604.15,523.3
LAS,6,7114,1,Middle East,peak,romantic,resort,2911.15,1394.11,1386.75,1041.18,380.81
DXB,14,3752,3,North America,peak,family,resort,1468.74,963.78,679.26,503.15,137.07
LON,13,7915,4,Europe,shoulder,business,hotel,2368.66,2077.49,1770.14,1326.17,372.54
PAR,4,7271,3,Asia,off_peak,family,apartment,2789.93,1379.96,1327.22,1217.92,555.97
MIA,3,778,1,North America,peak,business,hotel,232.17,213.58,168.94,99.61,63.71
PAR,3,1080,1,Oceania,off_peak,adventure,hostel,305.95,272.03,242.16,161.53,98.32
TYO,9,5458,3,Oceania,peak,leisure,hostel,1442.92,1475.79,1136.77,915.46,487.06
BKK,6,8945,2,Asia,off_peak,leisure,hostel,3228.92,2517.11,1461.63,1133.72,603.62
LON,9,4776,4,Europe,off_peak,adventure,resort,1599.78,1517.85,748.16,599.33,310.88
TYO,13,8497,4,Oceania,peak,romantic,apartment,3244.66,2572.71,1406.38,817.39,455.86
LAS,5,5276,3,Oceania,peak,adventure,hotel,1644.0,1736.12,965.33,652.72,277.82
MIA,2,1324,2,Middle East,off_peak,adventure,hotel,422.96,403.6,203.02,169.05,125.38
NYC,8,4332,1,North America,off_peak,business,hostel,1266.4,1347.18,837.76,713.83,166.83
LON,5,9391,5,Europe,off_peak,adventure,apartment,3129.17,2514.86,1740.79,1549.96,456.21
LON,2,5945,5,North America,shoulder,leisure,apartment,2091.46,1820.97,872.58,669.57,490.42
BKK,4,1880,3,Europe,peak,family,airbnb,781.21,344.08,412.36,251.14,91.21
SYD,9,7034,2,Oceania,shoulder,business,apartment,2746.08,1894.79,1376.54,776.53,240.06
LON,4,3656,2,Middle East,shoulder,business,apartment,1612.28,574.63,717.67,485.63,265.79
LAX,13,4807,4,North America,peak,romantic,hotel,1521.94,1076.36,1191.8,813.04,203.86
MIA,12,6134,1,Oceania,peak,family,apartment,2439.91,1181.96,1193.12,1016.35,302.66
MIA,12,9075,2,Europe,shoulder,business,apartment,2821.81,2562.86,2104.92,1320.37,265.05
LAX,12,6310,5,North America,peak,adventure,hotel,2111.81,1527.07,1222.56,954.74,493.81
DXB,13,9033,1,North America,off_peak,business,apartment,2720.72,2029.2,1991.88,1305.24,985.96
LAX,14,6434,1,Oceania,off_peak,business,hotel,1937.41,1866.4,1380.68,1057.76,191.75
LAX,4,3609,3,North America,shoulder,business,airbnb,1663.17,665.0,580.59,535.17,165.07
MIA,2,4582,2,Middle East,shoulder,romantic,resort,1492.17,1079.77,909.54,876.45,224.08
PAR,13,3740,3,Middle East,peak,business,hotel,1155.07,1118.55,622.39,528.82,315.18
MIA,12,6528,2,Oceania,peak,business,hotel,1790.95,1508.26,1516.63,1246.96,465.19
SYD,6,2349,4,Europe,shoulder,romantic,apartment,676.27,801.51,406.33,328.3,136.59
BKK,13,8997,3,Oceania,shoulder,family,hotel,2824.68,2563.19,1915.65,1430.95,262.52
TYO,11,3249,3,Middle East,off_peak,leisure,hostel,1035.29,854.25,554.66,554.75,250.05
PAR,14,7180,5,Asia,off_peak,romantic,hostel,2703.09,1163.07,1540.66,1368.31,404.87
NYC,2,9827,3,Asia,peak,romantic,airbnb,3801.52,1935.52,1884.35,1500.51,705.09
TYO,12,705,2,North America,off_peak,business,hotel,296.98,137.12,122.72,118.65,29.53
BKK,7,7852,5,North America,peak,business,apartment,2954.56,1327.16,1414.12,1446.75,709.42
SYD,3,5091,3,Asia,peak,leisure,apartment,1714.85,1228.01,1004.12,900.19,243.84
SYD,3,3950,3,Middle East,peak,business,resort,1260.57,1107.27,815.6,478.31,288.24
NYC,5,7714,4,North America,off_peak,adventure,airbnb,3223.46,1624.56,1353.74,1163.03,349.22
PAR,3,4311,3,Oceania,shoulder,business,apartment,1442.9,1200.6,743.36,637.2,286.94
DXB,2,5641,1,Oceania,shoulder,business,resort,1510.85,1094.35,1403.1,1136.59,496.11
LAX,10,9001,5,Middle East,off_peak,adventure,apartment,3938.0,1915.54,1584.92,1255.36,307.19
PAR,9,3208,1,North America,shoulder,leisure,resort,1103.75,929.23,622.65,416.61,135.75
DXB,2,2491,5,Oceania,peak,adventure,hostel,744.21,572.7,556.98,371.94,245.17
SYD,14,8963,4,North America,shoulder,romantic,hostel,3895.7,1578.11,1510.28,1551.67,427.24
MIA,11,3773,3,North America,off_peak,adventure,apartment,1458.82,958.73,618.2,528.45,208.8
BKK,2,5038,3,Oceania,shoulder,family,airbnb,2004.05,738.28,1130.72,779.7,385.24
NYC,13,9212,3,Asia,peak,romantic,hotel,2370.02,2607.72,1975.78,1454.25,804.23
BKK,8,9668,5,Oceania,peak,business,airbnb,3236.15,2879.95,1552.45,1618.18,381.27
LAS,9,4222,3,Middle East,off_peak,romantic,airbnb,1497.47,1226.99,666.2,555.22,276.12
LAS,7,4051,1,Europe,off_peak,leisure,hotel,1099.81,1029.17,769.59,774.5,377.92
PAR,3,3332,3,Oceania,off_peak,leisure,hostel,1193.11,859.75,683.07,417.73,178.33
SYD,9,6179,4,North America,peak,adventure,hostel,1921.94,1798.68,1184.89,826.33,447.15
SYD,3,7079,1,North America,shoulder,romantic,hotel,2267.68,2071.22,1336.55,895.14,508.41
LAX,5,652,3,Oceania,shoulder,business,resort,231.94,144.81,123.67,101.43,50.14
LAX,9,6254,3,Europe,off_peak,leisure,airbnb,2345.8,1207.62,1340.12,895.04,465.42
LAX,12,3300,2,Oceania,shoulder,business,apartment,1317.66,645.78,530.99,583.32,222.25
MIA,14,5810,5,Europe,shoulder,family,hostel,2209.54,1388.55,1025.55,727.2,459.16
TYO,14,3110,1,Europe,off_peak,leisure,apartment,946.09,907.6,583.71,548.68,123.92
LON,3,1604,2,Middle East,off_peak,adventure,hotel,467.79,461.66,331.19,193.53,149.82
TYO,7,7861,4,North America,peak,family,apartment,2628.13,2016.93,1465.92,1195.3,554.71
BKK,12,4699,5,North America,peak,romantic,apartment,1424.16,1400.05,872.76,796.99,205.04
TYO,1,4354,1,Europe,peak,business,airbnb,1487.14,692.88,1032.22,743.04,398.73
MIA,4,7763,3,North America,peak,leisure,hotel,2611.7,2373.03,1644.23,768.39,365.65
BKK,4,2414,1,Asia,shoulder,family,apartment,827.36,649.35,371.39,404.48,161.42
TYO,7,7865,3,Europe,shoulder,family,hostel,3068.46,1800.61,1809.88,887.73,298.32
MIA,8,3572,5,North America,peak,leisure,hotel,1449.33,783.08,674.66,441.4,223.53
LON,1,9698,3,Asia,peak,romantic,hostel,2745.77,2215.1,2137.49,1545.43,1054.2
TYO,5,906,4,Middle East,off_peak,romantic,resort,307.43,213.3,187.94,111.65,85.68
MIA,7,666,3,North America,shoulder,adventure,apartment,246.56,127.47,155.16,69.98,66.83
LAX,12,1008,4,Asia,shoulder,romantic,hotel,417.57,262.5,159.05,119.96,48.92
SYD,4,2161,5,Oceania,peak,adventure,hostel,636.22,532.31,521.55,308.11,162.81
LAX,13,4164,5,Oceania,shoulder,family,apartment,1480.09,1238.06,585.53,536.1,324.22
SYD,4,3989,1,Asia,off_peak,leisure,airbnb,1421.81,1154.96,758.39,428.69,225.15
NYC,4,1180,4,Europe,off_peak,romantic,hostel,301.7,328.66,241.66,196.08,111.89
NYC,12,3024,4,Europe,shoulder,adventure,hostel,1171.1,647.09,513.45,560.57,131.79
NYC,6,2620,2,North America,peak,family,resort,838.06,567.93,596.31,333.71,283.99
LON,7,5760,2,Oceania,shoulder,romantic,airbnb,2065.03,1606.18,717.05,906.7,465.04
LAX,2,4857,2,Europe,off_peak,business,resort,1858.04,1204.22,932.75,475.54,386.45
SYD,5,1863,3,Europe,peak,family,airbnb,538.6,439.11,512.25,292.47,80.57
MIA,4,2792,2,Oceania,shoulder,romantic,hostel,1029.96,804.81,391.47,432.72,133.03
BKK,14,2038,4,Middle East,peak,family,resort,787.99,489.16,373.07,306.24,81.55
MIA,13,3908,3,Europe,peak,leisure,apartment,1456.54,945.66,799.36,575.18,131.26
BKK,3,8242,5,Asia,off_peak,leisure,airbnb,3158.23,2378.7,1332.22,801.27,571.58
LAS,7,9252,1,North America,peak,leisure,hostel,3432.98,2857.68,1347.13,990.58,623.63
MIA,11,9791,2,Europe,shoulder,business,hotel,3811.4,1597.88,1934.05,1615.16,832.51
TYO,12,2403,5,Europe,peak,leisure,airbnb,728.7,574.11,538.34,454.55,107.3
TYO,6,674,4,Middle East,peak,business,airbnb,188.85,212.32,119.11,107.95,45.77
PAR,14,2730,1,Asia,shoulder,leisure,apartment,838.76,766.65,588.7,434.91,100.98
LAX,7,4787,5,North America,off_peak,family,airbnb,1883.65,965.18,896.97,791.06,250.14
BKK,5,4660,1,Europe,off_peak,romantic,airbnb,1613.65,1372.79,741.05,560.2,372.3
BKK,13,7606,2,North America,shoulder,romantic,apartment,2236.55,1235.32,1910.98,1445.07,778.08
LAX,6,3671,4,Oceania,shoulder,leisure,apartment,1137.8,788.12,698.09,732.05,314.93
LON,5,2067,1,Europe,off_peak,romantic,resort,745.66,374.1,495.69,363.74,87.81
PAR,14,1651,5,Europe,peak,leisure,hostel,645.14,283.57,335.21,281.65,105.43
LON,7,8119,2,Oceania,shoulder,leisure,hostel,2526.98,1788.22,2013.81,1095.86,694.13
LON,2,6533,2,Middle East,peak,adventure,resort,2280.81,1781.56,1035.19,929.85,505.6
LON,14,9060,5,Europe,shoulder,adventure,hostel,3305.24,2039.31,1642.0,1160.53,912.93
LAX,11,5446,5,North America,off_peak,adventure,airbnb,1724.33,1522.69,1073.51,784.81,340.66
LON,5,8734,1,Asia,peak,business,resort,2354.04,2941.38,1738.64,1414.04,285.9
TYO,6,2407,3,North America,peak,adventure,resort,870.33,657.99,406.74,313.98,157.96
NYC,6,3990,2,Middle East,shoulder,leisure,hostel,1362.79,874.44,978.0,496.83,277.94
LAS,5,3035,1,Asia,peak,family,hotel,1134.42,736.43,548.5,441.11,174.54
BKK,10,4673,5,North America,shoulder,adventure,hostel,1503.82,1224.78,1060.95,491.81,391.64
BKK,7,1793,1,North America,off_peak,adventure,hotel,541.43,473.39,361.16,274.73,142.29
LAS,10,5269,5,Oceania,peak,family,resort,1829.09,1198.44,1318.74,683.85,238.87
LAX,8,5296,4,Middle East,shoulder,leisure,hotel,1579.42,1198.76,1259.52,959.99,298.32
MIA,7,7371,5,Oceania,peak,business,airbnb,1801.62,2036.48,1538.27,1361.05,633.59
LAX,5,3472,5,Asia,shoulder,adventure,apartment,1322.22,940.72,642.71,342.86,223.49
BKK,1,4422,5,Oceania,shoulder,family,hotel,1166.85,1461.11,885.36,758.33,150.36
BKK,13,5497,3,Middle East,shoulder,leisure,apartment,2144.74,1263.66,1072.8,835.21,180.58
LAS,5,7532,5,Europe,off_peak,romantic,airbnb,2517.35,1813.33,1732.68,1062.08,406.56
LON,10,1492,2,Europe,peak,business,apartment,584.14,343.82,256.66,194.64,112.73
LAX,2,8612,2,Asia,off_peak,family,airbnb,2826.22,2023.99,2004.05,953.21,804.53
SYD,13,5787,1,Europe,shoulder,family,apartment,1857.42,1471.71,1247.79,699.79,510.3
LAS,5,2740,3,Oceania,shoulder,family,apartment,1080.02,602.83,590.33,242.51,224.31
TYO,5,1976,1,Asia,off_peak,adventure,hostel,705.89,480.0,390.72,297.77,101.62
BKK,2,6926,2,Middle East,off_peak,romantic,hotel,2652.55,2028.93,985.67,703.08,555.77
LAS,5,889,2,Asia,peak,business,apartment,325.14,181.26,198.23,139.67,44.7
LAX,13,1499,4,Asia,shoulder,leisure,resort,541.05,379.22,219.59,264.3,94.84
BKK,4,2355,5,North America,off_peak,leisure,hostel,844.36,538.23,460.38,400.91,111.12
MIA,1,8625,2,North America,shoulder,romantic,hotel,2945.43,1589.17,1906.79,1578.3,605.3
LAS,3,9350,1,Asia,shoulder,family,hostel,3178.79,2780.75,1760.94,1123.38,506.15
PAR,1,3263,1,Europe,peak,family,hotel,1355.77,565.76,586.42,506.61,248.43
BKK,12,4163,5,North America,peak,family,airbnb,1656.96,879.05,677.21,804.34,145.44
LAX,11,5486,5,Middle East,peak,family,apartment,1443.18,1335.02,1243.54,951.45,512.8
NYC,5,1981,4,Oceania,off_peak,family,resort,591.61,478.58,378.82,395.56,136.43
SYD,4,7756,3,North America,shoulder,romantic,hostel,2017.95,2304.19,1492.47,1209.93,731.46
DXB,7,4231,1,Asia,off_peak,adventure,hostel,1505.23,989.28,880.72,668.39,187.39
LON,5,7762,5,Europe,off_peak,business,hostel,3044.17,1496.74,1896.45,950.27,374.38
DXB,10,951,1,Oceania,peak,family,hostel,274.29,269.24,170.88,161.29,75.3
LAX,14,3593,5,North America,shoulder,adventure,apartment,1336.56,923.91,475.85,563.35,293.33
TYO,4,1382,2,Europe,shoulder,leisure,hotel,618.03,241.09,291.05,165.2,66.63
TYO,2,4908,1,Europe,peak,romantic,apartment,1674.51,1449.7,878.9,776.42,128.47
NYC,4,4568,2,Europe,shoulder,adventure,airbnb,1229.97,1287.42,902.9,903.27,244.43
LON,12,3777,1,Asia,peak,family,apartment,1242.46,943.94,654.84,704.86,230.9
PAR,2,9066,3,Middle East,off_peak,family,apartment,2873.83,2746.11,1555.2,1559.91,330.95
NYC,8,8451,4,Europe,off_peak,family,airbnb,2253.89,2675.56,1842.43,1091.64,587.48
DXB,3,5190,2,Oceania,peak,adventure,apartment,2321.35,1018.17,825.14,813.74,211.61
NYC,9,5095,5,North America,off_peak,family,hotel,1443.86,1649.01,757.13,912.55,332.44
DXB,13,5059,3,Oceania,off_peak,adventure,resort,1852.66,1455.85,988.87,571.18,190.45
BKK,4,7791,1,Asia,peak,family,airbnb,2990.2,1448.63,1139.85,1476.64,735.68
TYO,13,8660,2,Asia,off_peak,leisure,hostel,3047.56,1451.63,2084.5,1713.65,362.67
BKK,6,612,1,Oceania,shoulder,leisure,hotel,160.46,182.09,140.25,103.7,25.51
SYD,10,5631,1,Middle East,off_peak,business,resort,1991.99,1619.52,995.26,725.69,298.54
LON,5,3697,1,Asia,peak,family,hotel,1177.62,843.84,774.47,586.63,314.44
PAR,10,639,4,Asia,shoulder,family,hotel,271.2,130.71,119.22,97.68,20.18
DXB,13,1924,4,Oceania,shoulder,adventure,hostel,832.94,307.18,352.38,303.41,128.1
PAR,1,3449,5,Asia,off_peak,adventure,resort,1284.27,861.5,582.98,404.97,315.28
DXB,9,3668,2,Middle East,shoulder,family,hotel,1262.48,859.72,797.59,475.08,273.14
LAX,1,9208,3,Middle East,peak,business,hostel,3241.35,2599.81,1871.54,971.24,524.06
NYC,8,6543,3,Middle East,shoulder,family,airbnb,2085.85,1242.84,1570.25,1014.09,629.96
SYD,9,7489,3,North America,off_peak,adventure,hostel,2661.98,2218.59,1524.1,706.7,377.63
TYO,9,7736,1,Middle East,off_peak,family,apartment,2695.89,2011.06,1469.24,971.52,588.28
DXB,1,6761,4,Middle East,shoulder,adventure,hostel,2426.72,1788.17,1201.39,937.42,407.31
PAR,2,1387,2,North America,peak,family,hostel,554.69,227.96,315.67,226.01,62.66
SYD,12,3604,1,Europe,peak,romantic,hostel,1084.69,716.85,845.29,734.12,223.05
MIA,13,549,4,Asia,off_peak,adventure,hotel,179.17,185.22,94.2,60.69,29.72
MIA,1,4451,4,Middle East,off_peak,business,resort,1553.25,1070.88,745.45,764.5,316.93
BKK,10,4060,2,Asia,peak,romantic,hostel,1153.51,1314.22,670.04,725.56,196.67
TYO,2,518,2,Oceania,shoulder,family,hostel,192.85,105.0,117.56,66.23,36.35
LAX,10,5321,2,Asia,shoulder,adventure,apartment,1500.29,1628.54,1114.04,607.23,470.89
PAR,12,6840,1,North America,shoulder,romantic,apartment,2143.91,1870.05,1495.95,682.26,647.83
NYC,8,8558,5,Asia,shoulder,business,airbnb,2877.9,1696.26,2121.46,1536.83,325.54
NYC,5,3106,2,Asia,peak,adventure,airbnb,851.29,912.41,490.33,596.94,255.03
PAR,12,8346,5,Asia,off_peak,romantic,apartment,2753.12,1932.55,1742.08,1181.62,736.62
LON,11,9143,1,Europe,off_peak,romantic,resort,3683.34,2209.48,1610.96,1012.23,626.99
LAX,7,6932,5,Europe,shoulder,romantic,airbnb,2506.92,1858.83,988.86,1229.85,347.54
SYD,2,4265,3,Oceania,peak,leisure,resort,1508.1,1141.8,813.19,527.44,274.47
DXB,8,2938,5,North America,peak,family,apartment,844.89,990.06,523.74,457.33,121.98
LON,11,6858,2,Asia,shoulder,adventure,airbnb,2481.17,1545.84,1302.33,1000.15,528.51
DXB,6,8819,1,Asia,shoulder,adventure,hostel,2670.47,2722.93,2004.09,995.6,425.9
DXB,8,6441,2,Asia,shoulder,adventure,apartment,2369.79,1284.48,1448.13,802.02,536.58
LON,1,8144,3,Asia,off_peak,romantic,airbnb,2532.81,1797.15,2088.7,1302.21,423.13
BKK,1,5355,2,Europe,shoulder,family,resort,2160.86,1112.51,920.24,596.72,564.67
MIA,12,7047,2,Oceania,off_peak,business,resort,2266.76,1779.27,1423.99,1108.71,468.27
DXB,7,7696,2,Middle East,peak,adventure,airbnb,3009.4,1682.5,1241.55,1218.11,544.43
LON,8,6411,4,North America,peak,family,resort,2571.89,1392.75,1279.27,919.67,247.43
LON,13,6981,3,Asia,off_peak,family,airbnb,2524.81,1768.29,1366.46,1037.18,284.26
LAS,3,3261,2,Oceania,off_peak,leisure,airbnb,1120.82,886.76,650.67,486.89,115.86
BKK,5,4956,2,Middle East,off_peak,adventure,resort,1512.63,1124.39,1007.54,836.72,474.72
TYO,12,6861,2,Oceania,off_peak,romantic,hotel,2297.55,1247.42,1589.05,1167.47,559.51
LAS,1,6193,1,Europe,shoulder,family,hostel,2307.43,1719.43,886.12,1071.07,208.95
LAS,7,6288,4,Middle East,peak,family,apartment,2237.9,1689.09,1294.29,751.29,315.42
PAR,5,701,1,Oceania,shoulder,business,hostel,273.96,144.64,115.78,118.97,47.65
MIA,8,6660,4,Europe,off_peak,leisure,apartment,2535.22,1192.26,1556.26,762.02,614.24
LON,13,1017,2,Oceania,shoulder,family,apartment,341.5,261.18,240.78,130.6,42.93
MIA,8,8237,3,Oceania,shoulder,family,hostel,2913.48,1708.43,1742.02,1095.51,777.56
LAX,9,2488,5,Middle East,peak,romantic,airbnb,985.82,398.21,611.84,353.02,139.1
PAR,7,4302,5,Europe,shoulder,romantic,resort,1405.07,1187.57,835.47,700.63,173.26
TYO,11,6308,2,Asia,peak,business,hotel,2419.54,1612.47,953.69,939.5,382.8
MIA,1,7662,1,North America,off_peak,business,hotel,2418.65,1651.71,1371.36,1609.75,610.53
NYC,13,6741,3,Middle East,shoulder,business,hotel,2299.25,1286.06,1455.82,1119.18,580.68
DXB,3,8899,4,Europe,off_peak,romantic,hostel,3603.46,1923.44,1546.96,1111.85,713.28
LAX,8,6133,2,Oceania,peak,romantic,hostel,1972.88,1534.48,1560.67,712.44,352.52
BKK,3,6255,3,Europe,off_peak,leisure,airbnb,2480.56,1227.47,1182.09,974.45,390.43
TYO,8,6809,3,North America,off_peak,adventure,hotel,1897.38,2362.21,1080.4,1224.14,244.86
LAX,1,4617,4,North America,peak,adventure,airbnb,1829.14,985.68,873.99,599.61,328.57
DXB,5,8845,3,Asia,off_peak,leisure,hotel,3234.38,1618.36,2271.13,1152.12,569.01
PAR,4,2018,1,Asia,off_peak,adventure,hostel,610.25,517.71,469.47,316.53,104.04
DXB,5,6663,1,North America,off_peak,romantic,resort,2122.21,2137.13,1145.97,970.15,287.54
LAS,8,3100,1,Middle East,shoulder,adventure,resort,970.6,581.01,768.12,557.37,222.91
DXB,10,2695,3,Middle East,off_peak,romantic,resort,843.41,720.89,577.99,454.88,97.83
LAS,14,4054,1,Oceania,peak,leisure,resort,1670.94,913.64,912.0,379.53,177.88
PAR,4,3349,4,Asia,shoulder,business,apartment,881.3,989.1,592.35,598.98,287.26
SYD,11,2242,3,Oceania,shoulder,leisure,hotel,773.89,571.31,443.92,337.71,115.17
LAS,4,1806,5,Asia,peak,adventure,resort,620.71,529.05,294.26,312.29,49.7
BKK,3,4349,3,North America,off_peak,romantic,apartment,1488.01,820.83,756.82,844.66,438.68
DXB,7,8019,4,Middle East,shoulder,adventure,apartment,2948.33,2510.47,1247.76,829.35,483.08
DXB,3,4695,5,Middle East,shoulder,adventure,apartment,1804.13,685.4,1082.79,695.19,427.49
BKK,12,5678,3,North America,shoulder,business,airbnb,1806.2,1350.97,1259.45,1002.42,258.96
NYC,3,3055,1,Oceania,off_peak,adventure,airbnb,1223.18,907.61,425.97,316.64,181.6
LON,11,2805,2,Oceania,shoulder,business,apartment,931.46,793.96,432.73,447.74,199.11
SYD,10,8119,2,Europe,peak,romantic,resort,2640.88,2300.49,1532.78,1020.77,624.07
TYO,5,9780,1,Asia,off_peak,romantic,hotel,4345.1,1925.2,1809.59,1225.59,474.53
LAS,5,3142,2,Oceania,peak,business,hostel,1035.31,908.67,481.55,612.45,104.02
BKK,14,9869,2,North America,peak,leisure,airbnb,3687.36,2845.0,1751.32,983.58,601.74
PAR,6,6909,1,Oceania,shoulder,romantic,resort,2292.95,1962.34,1251.6,860.92,541.19
LAS,8,5257,1,Middle East,shoulder,leisure,resort,1953.37,1221.52,1039.48,699.91,342.72
LON,10,3494,3,Asia,shoulder,romantic,hostel,1242.73,932.8,583.81,505.15,229.51
PAR,6,9251,3,Europe,peak,romantic,hostel,3022.88,2124.32,2184.72,1528.49,390.59
LAX,12,1771,1,Asia,off_peak,family,resort,638.56,499.53,300.7,184.89,147.33
DXB,1,2313,4,Middle East,shoulder,adventure,hostel,980.21,457.12,366.75,331.14,177.78
LAX,8,9301,2,Middle East,shoulder,adventure,resort,2707.31,2399.29,1828.52,1795.41,570.47
LAS,8,2961,3,Middle East,peak,leisure,hostel,966.78,924.24,487.7,349.31,232.98
LON,9,4620,2,Middle East,off_peak,adventure,hostel,1431.99,1482.92,747.87,520.88,436.35
SYD,9,6624,5,North America,peak,leisure,resort,2304.42,1890.07,1110.05,750.38,569.07
LAS,2,8975,1,Europe,shoulder,romantic,apartment,3078.18,2305.89,1461.93,1325.98,803.03
BKK,2,4896,4,Middle East,peak,family,resort,1776.73,1242.74,940.22,646.02,290.29
MIA,3,9783,5,Middle East,shoulder,family,hotel,3906.33,1955.1,1697.22,1911.3,313.06
LAS,1,1316,5,Oceania,off_peak,romantic,hostel,375.32,356.65,302.24,207.71,74.09
DXB,4,7804,5,Europe,peak,business,airbnb,3104.72,2025.97,1624.42,724.8,324.09
DXB,14,7831,1,Asia,shoulder,business,hostel,2963.02,1701.37,1434.74,1117.48,614.38
LAS,4,582,3,Europe,shoulder,adventure,hotel,219.97,172.3,87.22,80.72,21.79
PAR,14,2420,1,Europe,shoulder,leisure,airbnb,776.06,546.54,461.2,436.88,199.32
MIA,9,8317,3,Europe,shoulder,family,airbnb,2674.09,2317.9,1543.79,1288.95,492.27
BKK,9,2593,5,Middle East,peak,adventure,resort,863.4,716.94,369.56,411.07,232.03
LAS,9,7571,5,Middle East,shoulder,romantic,apartment,2926.98,1172.61,1399.36,1348.46,723.59
PAR,10,8467,4,North America,peak,family,resort,2539.92,2494.5,1852.86,880.48,699.23
DXB,7,8867,3,Asia,shoulder,leisure,airbnb,2695.98,2300.36,1745.91,1424.03,700.71
DXB,14,5785,5,Oceania,peak,leisure,airbnb,1720.01,1666.53,1174.64,908.09,315.73
LON,2,5437,2,Europe,peak,business,apartment,1452.94,1401.8,1353.24,671.67,557.34
LAS,10,869,4,Asia,shoulder,adventure,hostel,308.2,218.65,163.05,118.85,60.25
MIA,5,2318,1,Asia,shoulder,romantic,apartment,682.5,651.22,448.29,361.53,174.46
NYC,4,2601,4,North America,shoulder,family,resort,815.29,489.41,698.91,382.53,214.86
MIA,12,3990,2,Oceania,shoulder,leisure,hostel,1497.72,682.7,681.02,807.85,320.72
DXB,11,2279,3,Europe,off_peak,family,resort,755.82,721.95,356.45,268.01,176.77
DXB,8,8174,1,Oceania,shoulder,romantic,apartment,2994.03,1707.36,1811.72,1432.72,228.18
LAX,2,1864,1,North America,shoulder,family,hostel,542.99,599.45,350.31,209.1,162.15
DXB,6,7794,3,Middle East,shoulder,adventure,apartment,2676.61,1950.89,1324.01,1304.0,538.49
BKK,13,4176,4,Asia,peak,business,hotel,1209.35,905.21,870.43,799.03,391.97
TYO,5,2926,5,Europe,shoulder,family,airbnb,830.94,802.69,614.74,488.66,188.98
LAS,12,8764,4,Middle East,peak,business,hostel,2457.15,2946.77,1565.9,1088.58,705.6
MIA,2,8589,2,North America,peak,romantic,airbnb,3542.47,1574.22,1701.68,1033.83,736.81
TYO,11,3462,5,Oceania,peak,business,hotel,1390.16,722.02,664.4,540.1,145.32
PAR,10,1359,4,Asia,peak,family,hostel,379.04,407.94,272.02,246.21,53.78
NYC,1,4638,3,Europe,off_peak,family,airbnb,1803.27,1157.0,755.3,748.9,173.54
BKK,8,2924,2,Middle East,shoulder,leisure,airbnb,1145.08,761.63,566.82,312.34,138.12
MIA,2,9756,2,Middle East,peak,family,hostel,3585.06,2845.39,1731.19,1037.61,556.75
TYO,7,4517,2,Asia,shoulder,business,airbnb,1686.24,909.29,969.28,651.23,300.96
NYC,9,9060,5,Oceania,peak,leisure,airbnb,3123.02,2694.89,1508.18,1144.56,589.36
LAX,9,8842,1,North America,off_peak,family,hostel,2795.84,1987.07,2004.9,1641.63,412.57
BKK,8,1634,5,Oceania,peak,family,airbnb,607.32,351.86,258.17,288.97,127.69
BKK,11,5666,4,Oceania,shoulder,romantic,airbnb,2488.65,1018.18,911.43,833.55,414.2
LAX,14,5619,1,Oceania,shoulder,leisure,resort,1561.48,1769.57,1116.4,775.18,396.36
LAS,12,6194,4,Asia,off_peak,romantic,resort,2441.95,1027.05,1619.3,883.48,222.23
LAX,10,6636,1,Asia,shoulder,romantic,hotel,2214.96,1836.41,1220.23,975.55,388.85
BKK,9,5985,5,North America,shoulder,romantic,resort,2552.22,923.15,1331.56,981.44,196.62
BKK,2,4664,2,Oceania,peak,adventure,resort,1632.47,1151.17,997.12,490.26,392.97
TYO,6,2846,3,Asia,shoulder,romantic,hotel,821.77,691.22,704.22,461.49,167.3
DXB,4,5539,2,North America,peak,business,airbnb,1351.47,1480.63,1294.28,995.12,417.51
NYC,14,5397,5,North America,off_peak,family,airbnb,1784.76,1302.98,1110.69,892.49,306.08
LAX,4,8752,1,Oceania,shoulder,adventure,resort,2569.18,2349.63,1563.32,1441.65,828.22
NYC,5,5541,2,Europe,peak,romantic,hotel,1960.84,1559.2,1168.93,690.85,161.18
LAX,12,4401,5,Oceania,shoulder,family,airbnb,1179.17,932.52,989.18,861.39,438.74
PAR,3,1837,4,Europe,peak,leisure,apartment,463.03,631.51,330.71,334.42,77.34
BKK,14,1684,3,North America,off_peak,leisure,hostel,498.51,428.44,447.85,231.78,77.42
DXB,1,4926,2,Asia,peak,family,hostel,1857.93,1452.36,650.57,743.0,222.13
TYO,8,2051,1,Middle East,shoulder,business,hostel,677.49,508.36,401.73,315.87,147.54
DXB,5,2129,4,North America,peak,family,resort,702.88,594.7,454.48,295.06,81.88
DXB,3,2026,5,Asia,shoulder,family,hostel,695.56,560.29,393.3,292.12,84.72
DXB,10,1861,3,North America,off_peak,adventure,hostel,669.99,383.53,427.7,292.32,87.45
NYC,14,4870,1,Oceania,peak,leisure,apartment,1557.33,1443.13,829.53,689.41,350.6
LAX,7,5783,5,Europe,shoulder,leisure,airbnb,2144.31,988.32,1104.58,1022.77,523.02
SYD,7,8110,5,North America,shoulder,romantic,apartment,2693.4,2449.68,1462.98,1019.21,484.74
PAR,1,2493,2,Asia,shoulder,family,resort,703.97,593.66,504.74,476.45,214.19
MIA,12,1369,2,Oceania,peak,family,hostel,522.16,309.47,237.9,190.06,109.41
DXB,9,1514,1,Middle East,peak,business,airbnb,460.41,358.12,287.07,268.63,139.77
LAS,2,1102,5,Oceania,peak,leisure,hostel,448.66,251.24,222.47,131.57,48.06
NYC,5,1190,2,Europe,off_peak,business,hostel,428.77,266.97,254.6,182.31,57.34
TYO,13,9185,3,Oceania,shoulder,adventure,resort,3077.76,2833.76,1936.92,851.24,485.32
MIA,14,989,3,Middle East,shoulder,romantic,hostel,383.47,160.83,213.4,144.77,86.53
SYD,5,7364,5,Asia,off_peak,business,hotel,2883.57,1935.5,1463.34,822.71,258.87
LAS,14,7740,2,North America,off_peak,leisure,airbnb,2860.97,1608.95,1376.39,1118.63,775.06
SYD,8,8286,1,Europe,peak,adventure,airbnb,2475.94,2037.26,1879.75,1475.79,417.27
MIA,14,8524,1,Middle East,peak,family,hotel,3509.12,2106.01,1602.33,799.4,507.14
DXB,8,794,1,Europe,peak,adventure,resort,332.51,154.44,147.42,81.28,78.35
LAS,14,5988,3,Oceania,peak,business,hostel,1560.31,1953.24,1074.25,940.68,459.52
SYD,7,4527,2,Europe,peak,leisure,hostel,1409.43,1209.73,924.94,535.37,447.53
TYO,7,3412,2,Middle East,peak,business,airbnb,963.82,1044.25,674.99,443.57,285.37
LAX,12,5244,3,North America,off_peak,family,resort,1924.47,1123.6,1061.61,657.25,477.07
BKK,11,2373,1,North America,off_peak,family,resort,836.27,532.17,602.1,272.08,130.38
LAX,6,3758,1,Europe,off_peak,leisure,resort,1078.53,1083.07,812.99,569.48,213.92
MIA,6,3317,5,Asia,shoulder,romantic,hostel,1224.9,754.13,582.71,631.91,123.35
NYC,11,9136,4,Europe,shoulder,adventure,resort,2899.71,2995.43,2019.07,934.64,287.15
BKK,9,4141,2,Oceania,peak,adventure,hotel,1429.08,998.49,785.93,526.79,400.71
PAR,6,4958,2,North America,off_peak,family,apartment,1669.28,1360.05,1044.62,641.75,242.3
TYO,12,5807,2,North America,shoulder,business,resort,2175.74,1613.8,852.44,941.05,223.98
PAR,13,9433,4,North America,shoulder,business,apartment,3712.56,1644.61,2354.66,1040.14,681.03
LAS,13,2541,5,Asia,off_peak,romantic,hostel,1083.8,462.86,508.46,278.18,207.69
BKK,2,1179,4,Asia,shoulder,business,resort,374.5,314.85,292.48,157.0,40.16
PAR,2,6238,1,Middle East,shoulder,adventure,airbnb,2161.39,1725.01,1379.4,649.78,322.42
PAR,13,6168,1,Europe,off_peak,business,hostel,2307.57,1715.55,1170.68,699.37,274.83
SYD,5,8197,2,Europe,shoulder,romantic,hotel,2242.1,2728.13,1364.94,1283.32,578.51
LAX,4,8533,3,Oceania,off_peak,adventure,hotel,2915.72,1984.83,1952.02,1249.65,430.79
SYD,11,562,2,North America,shoulder,business,apartment,163.12,154.07,121.98,80.91,41.91
BKK,2,8329,3,Asia,off_peak,adventure,apartment,2804.85,2162.96,1957.21,1131.51,272.47
BKK,3,7852,4,Oceania,shoulder,family,airbnb,2906.96,2032.44,1250.18,1305.56,356.87
MIA,7,7415,1,Oceania,shoulder,family,airbnb,2443.82,2048.52,1336.58,1279.5,306.58
SYD,8,8826,3,Asia,off_peak,family,hotel,2544.01,2406.98,1925.29,1036.56,913.17
LON,12,4144,4,Europe,shoulder,business,resort,1553.62,767.77,771.76,766.99,283.86
LAX,13,5470,1,North America,off_peak,romantic,hotel,1827.48,1083.73,1226.73,849.74,482.33
BKK,6,8503,3,Europe,off_peak,adventure,hotel,3201.95,1468.65,1733.44,1413.45,685.51
MIA,11,3778,2,Oceania,shoulder,leisure,airbnb,1417.78,1025.06,673.93,453.86,207.37
SYD,5,7796,2,North America,peak,family,apartment,3300.67,1634.93,1290.08,886.99,683.34
LAX,13,9514,2,Middle East,shoulder,family,airbnb,3716.82,2305.4,1639.8,1549.95,302.03
SYD,1,3574,4,Oceania,peak,leisure,airbnb,1225.49,774.04,835.04,508.05,231.38
PAR,8,8812,2,Europe,peak,leisure,airbnb,3257.59,2049.38,1431.42,1275.97,797.64
MIA,3,8052,5,Europe,shoulder,business,hotel,2376.45,2046.78,1773.87,1309.92,544.98
LAX,6,2137,1,Europe,peak,adventure,resort,678.42,576.11,420.13,336.3,126.04
DXB,3,5603,4,Asia,off_peak,family,hotel,1871.71,1011.19,1079.46,1112.32,528.33
LAS,7,9616,2,Oceania,off_peak,romantic,hostel,3349.18,2430.24,1707.88,1373.27,755.42
LAS,13,1144,1,North America,peak,business,airbnb,400.97,227.61,247.61,148.67,119.14
LAX,14,2532,3,Europe,off_peak,business,airbnb,810.68,820.23,426.4,293.86,180.84
SYD,7,3261,2,Europe,shoulder,romantic,hostel,1298.53,842.55,553.42,332.06,234.45
MIA,12,2568,1,Asia,off_peak,romantic,airbnb,823.68,652.0,648.85,327.44,116.03
LAS,9,741,5,North America,peak,romantic,airbnb,186.66,248.48,134.28,135.61,35.97
MIA,5,3168,3,Oceania,shoulder,leisure,airbnb,1193.01,577.13,595.05,543.32,259.49
LAS,8,1302,5,Middle East,off_peak,family,hostel,480.91,370.22,201.31,174.34,75.21
PAR,10,5559,1,Asia,shoulder,leisure,hotel,2158.38,1055.63,1225.9,731.46,387.64
SYD,10,695,5,Oceania,peak,family,airbnb,210.44,160.76,153.09,104.8,65.92
PAR,8,2687,1,Middle East,off_peak,leisure,resort,936.05,619.16,562.13,392.29,177.38
LAS,1,2830,1,Europe,shoulder,adventure,hostel,857.37,655.96,625.48,541.97,149.22
DXB,12,5341,5,Europe,shoulder,family,apartment,1615.13,1480.9,863.61,944.81,436.54
DXB,5,4106,1,North America,off_peak,business,hostel,1244.58,1273.82,776.3,638.11,173.2
PAR,3,8968,2,Middle East,shoulder,family,hotel,2936.02,2839.31,1508.16,1224.33,460.17
DXB,1,560,1,Europe,shoulder,family,hostel,167.71,124.45,103.71,115.13,49.0
LAS,4,4427,4,Europe,peak,family,apartment,1432.05,1383.81,695.93,697.93,217.28
LAX,8,6796,1,North America,peak,adventure,resort,1834.73,2197.06,1142.63,1225.37,396.21
PAR,3,3091,4,Oceania,peak,leisure,apartment,828.72,971.77,687.06,440.54,162.91
NYC,10,9258,1,Europe,peak,business,hostel,2446.59,3126.27,1842.75,1003.19,839.2
SYD,2,6621,1,Asia,peak,leisure,apartment,2337.14,1457.78,1361.27,1195.89,268.93
DXB,11,1700,5,Asia,peak,leisure,hostel,568.8,540.54,277.24,218.61,94.8
DXB,9,3354,2,Oceania,off_peak,romantic,resort,1171.05,1064.57,604.12,340.93,173.33
BKK,10,7524,2,Middle East,peak,adventure,resort,2358.93,2296.18,1252.5,1058.12,558.26
LON,5,9928,3,North America,shoulder,romantic,hotel,3120.74,2658.27,1649.64,1984.83,514.53
PAR,14,7472,5,Asia,off_peak,adventure,resort,3008.31,1489.39,1579.49,862.61,532.19
TYO,7,636,5,Asia,shoulder,leisure,airbnb,197.57,158.08,136.46,99.74,44.15
DXB,11,1529,2,Oceania,peak,leisure,apartment,490.94,372.8,386.55,189.99,88.71
SYD,11,3094,5,Middle East,peak,adventure,apartment,962.28,650.46,662.13,514.57,304.55
NYC,2,7706,2,Middle East,shoulder,leisure,hostel,2178.69,2232.68,1432.87,1273.54,588.23
DXB,9,1161,5,Oceania,shoulder,leisure,resort,449.13,256.39,201.79,141.67,112.02
NYC,13,2972,1,Asia,shoulder,business,hotel,1064.9,711.11,574.69,462.64,158.65
LAS,9,586,2,North America,off_peak,romantic,hotel,228.07,141.85,116.43,63.02,36.63
LAS,4,6719,2,Asia,peak,romantic,hotel,2512.23,1530.7,1549.28,870.22,256.56
LON,4,8643,4,Middle East,shoulder,romantic,airbnb,3290.32,2272.67,1390.0,1226.12,463.89
LAX,6,7468,5,Asia,peak,family,resort,2930.33,1817.12,1110.08,1005.5,604.97
TYO,10,3273,5,North America,shoulder,business,hotel,1094.17,906.8,498.37,537.65,236.01
BKK,10,2200,2,Europe,peak,romantic,airbnb,786.36,435.73,474.39,325.44,178.08
LON,10,3200,1,Asia,off_peak,romantic,apartment,1148.87,638.74,653.37,518.91,240.11
MIA,6,7315,1,Oceania,peak,business,hostel,2538.8,1868.7,1688.18,843.55,375.77
BKK,12,2147,1,Europe,shoulder,leisure,resort,824.06,504.95,401.39,284.77,131.84
PAR,1,6538,5,Oceania,peak,romantic,resort,1915.69,1715.65,1651.78,1035.88,219.0
SYD,14,5664,4,Oceania,off_peak,leisure,apartment,2241.85,1255.95,905.79,1020.18,240.23
MIA,14,6020,2,Oceania,off_peak,romantic,resort,2377.18,1305.12,1228.03,847.05,262.62
MIA,9,4187,3,Asia,peak,adventure,resort,1326.77,1179.54,783.74,553.89,343.05
LON,2,1096,4,Middle East,shoulder,family,resort,378.34,202.82,191.27,213.56,110.0
LAX,5,5045,3,Europe,off_peak,romantic,resort,1717.28,1507.69,1001.15,624.45,194.44
LON,9,9176,4,North America,off_peak,adventure,airbnb,4029.81,1581.79,1892.92,1217.49,454.0
PAR,4,9337,1,Middle East,peak,business,airbnb,3420.33,1770.28,2179.71,1268.34,698.34
DXB,11,5257,5,Asia,off_peak,adventure,hostel,1922.5,1392.91,1168.13,598.37,175.09
DXB,3,4884,3,Oceania,off_peak,business,resort,1222.85,1524.83,1158.39,610.05,367.88
LAX,7,9412,4,North America,shoulder,romantic,apartment,2862.67,2134.38,2489.12,1211.87,713.96
PAR,6,5233,5,Europe,shoulder,business,hotel,1800.28,1426.94,919.55,767.28,318.95
LAX,8,7581,3,Middle East,shoulder,adventure,hostel,2216.06,2540.22,1422.88,877.88,523.95
NYC,3,9190,2,Middle East,peak,family,hotel,4221.93,1797.68,1509.52,1107.53,553.34
DXB,5,7617,4,North America,off_peak,leisure,hotel,2683.76,1382.83,1687.8,1285.51,577.1
MIA,10,5229,2,Asia,peak,leisure,resort,1925.21,1235.72,1039.13,832.74,196.19
TYO,4,2173,1,Europe,off_peak,family,apartment,884.27,504.07,394.64,292.5,97.52
SYD,13,8806,2,North America,off_peak,leisure,hotel,3443.73,1470.98,1907.02,1258.24,726.03
PAR,4,7678,2,Oceania,off_peak,romantic,hotel,2531.61,2463.43,1256.57,1141.45,284.93
BKK,4,2794,4,Europe,shoulder,romantic,hostel,961.98,748.12,596.75,386.99,100.16
LAX,10,4130,1,Middle East,peak,adventure,apartment,1453.29,944.61,624.26,738.29,369.54
SYD,8,646,2,North America,peak,adventure,apartment,235.17,177.93,89.23,111.27,32.39
BKK,6,3953,5,Middle East,off_peak,business,hotel,1164.74,1287.53,711.2,628.96,160.56
SYD,3,5007,3,Middle East,peak,adventure,apartment,1776.73,1347.65,1002.35,550.89,329.38
TYO,10,6283,2,Middle East,shoulder,romantic,hostel,2116.55,1245.62,1490.87,872.87,557.09
BKK,5,8251,1,Asia,peak,adventure,hostel,2696.79,2120.03,1662.43,1396.74,375.01
LON,6,6128,2,Middle East,off_peak,leisure,hostel,2089.05,1363.68,1064.46,1014.35,596.46
LAS,5,8828,3,Oceania,shoulder,business,resort,2448.61,2456.47,1884.11,1258.76,780.04
LON,6,3860,1,Oceania,shoulder,business,hotel,1548.04,776.85,751.19,580.49,203.44
DXB,8,3505,4,Europe,off_peak,romantic,apartment,1067.43,1147.1,780.06,379.63,130.78
LAS,7,4052,1,Middle East,peak,adventure,hostel,1806.2,691.21,909.7,509.95,134.94
LON,5,518,4,Middle East,off_peak,leisure,hotel,154.29,132.37,92.93,94.05,44.36
LAS,10,2742,1,North America,peak,adventure,hotel,869.63,799.67,532.99,383.06,156.65
LAS,6,6818,3,Asia,peak,family,resort,2063.64,2108.79,1338.89,807.24,499.43
MIA,14,5597,3,Europe,shoulder,adventure,apartment,1922.21,1065.2,1201.4,1064.96,343.24
LAX,4,9140,1,Middle East,off_peak,romantic,apartment,3522.3,1889.74,1537.32,1660.65,529.99
LAX,12,2448,2,North America,shoulder,adventure,hostel,896.7,678.45,529.32,236.67,106.86
MIA,9,9637,3,Asia,off_peak,business,hostel,3745.43,2436.51,1911.57,1082.39,461.1
SYD,13,6118,4,Europe,off_peak,leisure,hotel,2461.82,1427.59,1188.48,755.89,284.22
NYC,4,4736,4,Europe,shoulder,romantic,apartment,1835.77,1335.57,702.82,547.08,314.76
SYD,1,7401,5,Middle East,off_peak,family,apartment,2085.4,2086.23,1515.02,1254.18,460.18
BKK,7,2420,4,Europe,off_peak,leisure,hostel,878.45,743.56,435.68,276.79,85.53
BKK,7,4688,5,North America,peak,leisure,airbnb,1628.97,961.22,814.38,793.74,489.69
LAS,4,738,1,Europe,off_peak,business,hotel,221.68,201.28,125.74,150.16,39.14
LON,13,704,1,Oceania,off_peak,business,apartment,289.73,140.63,156.96,82.32,34.37
LON,14,6052,1,North America,shoulder,business,resort,1843.4,1296.16,1491.91,1047.29,373.23
LAX,3,5427,2,Asia,shoulder,romantic,resort,2101.78,1149.38,1168.32,566.05,441.47
PAR,8,4890,2,Asia,off_peak,adventure,airbnb,1335.69,1368.96,1016.2,805.9,363.25
SYD,5,3187,5,Middle East,peak,leisure,hostel,856.46,913.51,647.04,512.55,257.45
DXB,10,5451,4,Middle East,peak,adventure,hostel,1822.54,1550.97,1067.09,631.56,378.84
TYO,7,6660,4,Oceania,shoulder,adventure,hostel,2593.38,1754.38,1153.18,639.2,519.85
LON,4,5888,1,Asia,off_peak,business,resort,2514.33,1269.83,942.79,757.07,403.98
TYO,4,5626,3,Asia,off_peak,adventure,hostel,1671.74,1451.63,1315.93,891.24,295.45
LAS,8,1316,2,Asia,peak,leisure,resort,528.39,318.04,196.82,181.18,91.56
TYO,14,9512,2,Asia,peak,leisure,airbnb,3653.37,2950.46,1589.77,1010.77,307.63
DXB,8,692,1,Europe,peak,family,hotel,242.66,188.58,116.51,85.18,59.07
MIA,2,2276,2,North America,shoulder,romantic,apartment,929.45,421.8,489.2,348.05,87.5
DXB,14,4145,1,North America,off_peak,adventure,airbnb,1473.2,850.37,822.96,740.51,257.95
TYO,2,6814,5,Oceania,shoulder,romantic,resort,2292.18,1798.05,1106.47,1212.13,405.16
DXB,3,8942,4,Europe,off_peak,romantic,airbnb,2819.27,2809.34,1502.48,1342.69,468.21
NYC,12,2288,3,Asia,shoulder,romantic,apartment,871.34,648.85,353.86,343.73,70.22
LAS,12,7874,4,Asia,off_peak,romantic,hotel,3163.43,1570.85,1666.51,942.25,530.96
SYD,3,4200,4,Middle East,peak,leisure,apartment,1635.4,1191.08,607.85,566.52,199.14
MIA,1,9859,5,Middle East,peak,adventure,resort,3551.33,2288.05,1935.51,1626.19,457.93
LON,14,4393,2,Oceania,peak,family,apartment,1656.34,953.52,828.91,805.63,148.6
BKK,3,7311,3,Asia,shoulder,romantic,airbnb,2435.96,1728.88,1482.47,1246.41,417.29
SYD,6,9788,2,Oceania,peak,family,hostel,2759.49,3083.38,2339.63,961.88,643.63
BKK,8,3179,4,Europe,off_peak,leisure,airbnb,1106.56,713.97,638.1,569.68,150.69
LAS,13,4404,1,North America,shoulder,leisure,resort,1787.02,1004.79,754.17,729.37,128.66
MIA,12,7760,4,Asia,off_peak,business,hotel,2877.41,1891.01,1572.46,1143.77,275.35
LAX,14,1004,2,Europe,shoulder,romantic,apartment,330.62,210.31,293.41,120.51,49.16
LON,10,7273,4,Asia,off_peak,business,hotel,2940.35,1822.05,1289.39,713.06,508.15
NYC,6,4316,1,Middle East,off_peak,family,resort,1188.56,1217.15,1061.63,656.02,192.64
LAX,5,1217,5,Oceania,shoulder,adventure,apartment,432.27,291.12,234.33,170.36,88.93
LAS,4,4934,2,Middle East,shoulder,business,airbnb,1561.15,1488.36,996.47,541.83,346.18
SYD,3,1158,4,North America,peak,leisure,airbnb,340.23,356.04,191.4,171.19,99.15
NYC,13,5557,2,Middle East,peak,romantic,resort,1639.49,1700.57,1148.71,748.71,319.51
DXB,4,4508,5,Asia,off_peak,family,apartment,1762.07,783.69,888.07,691.26,382.91
TYO,14,5494,4,Middle East,off_peak,leisure,airbnb,1855.01,1260.95,1135.08,864.18,378.79
NYC,7,4734,4,Asia,off_peak,adventure,resort,1350.79,1183.28,1122.64,801.61,275.68
LAS,1,4264,2,North America,shoulder,romantic,resort,1322.32,1235.62,846.78,584.62,274.66
PAR,7,5137,2,Middle East,shoulder,adventure,hotel,2085.14,1268.05,879.18,572.07,332.56
TYO,1,2604,1,Oceania,peak,adventure,airbnb,971.28,666.48,411.47,341.29,213.48
BKK,2,9947,5,Oceania,off_peak,romantic,apartment,3251.56,2920.01,2113.83,1280.19,381.41
LON,4,7301,1,Oceania,peak,romantic,airbnb,3126.29,1334.3,1387.93,1166.44,286.05
BKK,1,9075,4,Middle East,shoulder,adventure,airbnb,3172.89,1692.45,1778.14,1721.7,709.82
NYC,11,3107,2,Middle East,shoulder,family,airbnb,1209.42,600.53,755.85,415.07,126.13
BKK,12,8885,4,Middle East,shoulder,romantic,resort,3072.45,2668.03,1573.62,835.53,735.37
LAS,11,4219,4,Asia,peak,leisure,hostel,1133.23,1391.84,813.94,587.45,292.55
DXB,11,3081,3,North America,shoulder,business,hostel,1125.45,840.74,502.36,432.37,180.08
SYD,9,3065,3,Oceania,off_peak,family,hotel,1095.25,890.04,432.39,373.57,273.76
LON,12,3263,4,Asia,peak,romantic,airbnb,1398.74,484.12,541.04,634.0,205.1
BKK,6,6828,2,Oceania,shoulder,romantic,hostel,2610.18,1312.23,1714.23,881.53,309.83
BKK,13,6491,4,Asia,peak,family,hotel,1771.7,2001.23,1320.18,1059.93,337.96
NYC,1,3906,3,Middle East,peak,business,resort,1385.42,987.75,722.04,632.32,178.48
SYD,1,9423,2,Oceania,shoulder,adventure,airbnb,3117.66,2780.86,1918.95,1309.55,295.98
LAX,6,5280,4,Middle East,shoulder,leisure,apartment,1919.95,1288.11,849.71,949.65,272.58
BKK,4,4677,5,Oceania,peak,romantic,resort,1567.91,1361.97,952.15,521.5,273.47
LAS,4,6976,5,Europe,peak,business,hotel,2407.89,1684.85,1349.64,1057.84,475.78
PAR,11,3104,4,Asia,shoulder,leisure,resort,990.19,924.32,564.89,472.22,152.38
LON,6,8681,2,Europe,off_peak,family,apartment,3338.28,2285.64,1634.25,995.47,427.35
BKK,14,2882,4,Asia,peak,romantic,resort,1070.98,673.21,683.88,353.43,100.5
LAS,12,1031,4,North America,peak,adventure,hotel,347.15,308.78,175.97,155.49,43.6
LAS,11,6579,3,Oceania,off_peak,family,apartment,2221.39,1887.68,1453.74,678.72,337.46
LON,7,1134,5,North America,shoulder,romantic,apartment,447.86,185.98,259.59,181.08,59.49
LAX,9,502,3,North America,shoulder,business,resort,183.24,92.3,110.56,80.6,35.3
LAS,10,8897,3,Asia,off_peak,leisure,apartment,2327.6,2936.35,2032.39,1090.74,509.92
PAR,5,6451,4,Europe,shoulder,leisure,resort,1682.9,1922.02,1304.42,1069.51,472.16
LAS,9,6126,3,Middle East,shoulder,romantic,airbnb,2358.02,1320.33,1180.21,795.76,471.68
LAS,4,8239,5,Asia,peak,family,apartment,2973.26,2386.59,1224.47,1162.82,491.87
LAS,13,6503,3,Middle East,peak,adventure,resort,2071.29,1686.36,1114.52,1158.06,472.77
DXB,10,3390,5,North America,peak,business,airbnb,1373.57,680.15,571.78,477.8,286.7
DXB,2,6739,3,Middle East,off_peak,romantic,apartment,2685.91,1444.72,1395.33,902.18,310.87
LAX,3,8526,5,Europe,shoulder,business,airbnb,3161.53,2460.55,1353.16,1037.15,513.62
BKK,13,3806,3,Asia,shoulder,leisure,apartment,1107.65,1294.49,806.28,432.26,165.32
LAS,11,1397,3,Europe,peak,adventure,hotel,530.09,357.87,268.66,128.95,111.43
SYD,1,9777,2,Europe,peak,business,hotel,3183.26,2649.47,2311.41,1033.7,599.16
BKK,14,9971,5,Asia,off_peak,romantic,resort,2774.65,2667.76,1870.52,2040.05,618.02
LAX,14,1170,5,Europe,shoulder,adventure,hostel,380.19,324.98,250.62,151.75,62.46
MIA,6,7791,5,Oceania,off_peak,family,hotel,2609.12,1501.11,2075.11,1048.44,557.22
BKK,13,2005,1,Oceania,shoulder,romantic,hostel,571.4,622.28,438.81,256.85,115.65
BKK,6,6960,3,Oceania,off_peak,business,airbnb,2390.1,1847.7,1288.75,1184.74,248.71
TYO,1,5667,5,Middle East,peak,adventure,airbnb,1802.61,1072.81,1374.93,1152.33,264.31
NYC,11,5755,1,Europe,off_peak,romantic,hostel,1941.78,1261.26,1278.46,882.75,390.75
TYO,13,749,2,Asia,off_peak,adventure,resort,231.64,222.34,157.81,97.86,39.36
PAR,3,6957,5,Asia,peak,adventure,apartment,2374.01,1633.88,1408.36,882.97,657.77
DXB,5,2392,5,Middle East,shoulder,adventure,hostel,764.21,699.12,433.72,377.29,117.65
DXB,3,3939,1,Asia,shoulder,business,hostel,1423.74,948.02,708.95,714.43,143.87
NYC,10,3354,3,Oceania,peak,romantic,hostel,1198.63,651.7,814.67,432.5,256.51
LON,3,4292,2,Europe,off_peak,leisure,hostel,1283.04,1046.79,1087.37,528.45,346.35
LON,14,5830,5,Asia,off_peak,leisure,hostel,1770.28,1418.83,1241.81,959.86,439.22
LAX,10,8371,3,Asia,off_peak,business,resort,3296.1,1781.81,1657.85,904.46,730.78
NYC,3,8735,2,North America,shoulder,business,hotel,3722.31,1692.95,1517.25,929.23,873.26
BKK,5,4112,4,North America,off_peak,adventure,apartment,1638.14,884.46,789.1,514.4,285.9
LON,13,3118,4,North America,shoulder,romantic,hotel,1155.09,703.02,696.82,445.35,117.72
LAS,5,5178,2,Europe,off_peak,romantic,hostel,1832.89,1186.72,1192.21,681.3,284.88
SYD,4,3663,1,Oceania,peak,family,hotel,1297.62,871.77,639.82,679.19,174.6
BKK,1,9980,2,Oceania,peak,family,resort,3142.64,3321.43,1546.47,1235.69,733.76
PAR,5,3442,2,Oceania,shoulder,leisure,airbnb,946.74,1163.48,658.28,535.34,138.17
LAS,10,8911,1,Europe,shoulder,family,hotel,2708.17,2400.73,1802.85,1569.58,429.67
LAS,5,2425,1,Europe,peak,family,apartment,926.36,506.59,507.76,390.54,93.75
NYC,4,3472,3,North America,peak,leisure,resort,1361.89,576.93,757.64,642.67,132.88
LAX,6,1490,3,Asia,off_peak,leisure,airbnb,576.91,318.61,321.36,145.95,127.17
PAR,10,2312,1,Middle East,peak,family,resort,687.9,613.14,616.94,311.94,82.08
LON,4,9495,4,Middle East,shoulder,romantic,hostel,3665.95,2414.92,1806.79,927.96,679.38
NYC,14,989,4,Asia,peak,family,airbnb,266.25,314.87,204.68,159.85,43.34
LON,7,6376,2,North America,shoulder,adventure,apartment,2405.86,1453.99,1330.71,717.52,467.92
NYC,7,4145,5,Asia,shoulder,adventure,airbnb,1702.07,744.81,888.71,552.21,257.2
NYC,2,7581,2,Asia,off_peak,adventure,apartment,2549.11,1911.7,1638.92,1225.88,255.4
NYC,3,3391,2,Middle East,off_peak,business,hostel,1221.72,1037.61,564.45,360.21,207.01
LAX,1,4016,5,North America,off_peak,adventure,apartment,1438.99,1051.8,777.35,421.86,326.0
NYC,8,3840,1,Europe,off_peak,romantic,resort,1425.15,826.26,674.58,602.48,311.54
MIA,9,6910,4,Middle East,peak,business,hotel,2271.48,2031.16,980.25,1177.48,449.62
SYD,4,553,2,Europe,off_peak,business,resort,169.09,162.54,108.87,66.91,45.58
LON,6,3075,5,North America,peak,adventure,resort,1039.84,786.05,650.07,392.91,206.12
BKK,9,1115,3,Asia,off_peak,family,airbnb,441.04,266.2,175.06,195.84,36.87
TYO,6,6444,2,Oceania,off_peak,leisure,hostel,2377.08,2006.2,1115.49,665.6,279.64
PAR,14,7904,4,Oceania,shoulder,family,hotel,2634.51,2460.61,1462.62,808.79,537.47
DXB,12,1454,1,North America,peak,family,apartment,541.37,312.15,303.27,180.86,116.36
LAX,12,2129,2,Oceania,shoulder,business,airbnb,704.12,445.25,526.45,342.63,110.55
BKK,12,7359,2,Europe,off_peak,business,hostel,2797.39,1844.61,1101.44,1033.55,582.02
LAS,9,9341,5,Oceania,peak,business,hotel,3454.63,1765.81,1907.22,1437.09,776.25
MIA,4,3778,3,North America,off_peak,romantic,resort,1084.37,1100.69,579.86,643.95,369.13
DXB,8,5955,3,North America,shoulder,romantic,hostel,1818.72,1355.11,1329.75,1106.0,345.42
TYO,9,4301,1,Europe,peak,leisure,hostel,1415.61,1219.66,823.28,632.66,209.79
BKK,4,3061,4,Oceania,shoulder,business,hostel,1297.01,616.47,511.65,409.32,226.56
DXB,5,7039,1,Oceania,off_peak,adventure,resort,2746.26,1147.15,1504.56,1178.8,462.23
BKK,14,870,2,Asia,off_peak,business,apartment,347.55,161.08,144.3,161.0,56.07
MIA,8,1357,2,Middle East,off_peak,romantic,airbnb,389.01,374.13,311.0,212.24,70.62
TYO,12,5386,3,North America,peak,business,apartment,1889.82,1637.98,854.55,663.56,340.08
LAS,10,7985,4,Asia,shoulder,romantic,hotel,3272.28,1922.11,1586.86,918.89,284.85
NYC,14,883,5,North America,shoulder,business,airbnb,276.73,231.8,186.12,135.23,53.12
LON,6,4834,4,Asia,off_peak,adventure,hotel,1694.78,1298.13,924.37,629.08,287.65
LAS,12,4790,2,Middle East,shoulder,leisure,resort,1941.43,930.79,1053.33,601.9,262.55
NYC,7,3225,5,Asia,peak,adventure,apartment,1308.36,539.2,537.62,630.78,209.04
LAX,3,6704,4,North America,off_peak,romantic,hostel,1910.22,1176.82,1776.38,1382.41,458.17
SYD,7,6611,4,Oceania,off_peak,family,airbnb,1866.99,2087.7,1205.23,937.35,513.73
PAR,12,4751,5,North America,off_peak,adventure,hostel,1422.03,1222.72,1057.73,797.03,251.49
PAR,14,1422,2,Europe,peak,business,hotel,481.67,324.32,289.48,233.88,92.65
LON,8,3415,4,Europe,off_peak,leisure,hostel,1084.15,716.06,722.34,612.26,280.19
TYO,10,8457,5,Europe,off_peak,business,hostel,2796.26,2397.76,1801.61,1149.64,311.73
MIA,6,3546,2,Europe,off_peak,business,resort,1262.27,802.29,580.7,702.62,198.12
TYO,10,9666,5,Middle East,off_peak,adventure,resort,3750.72,2479.68,1642.44,1055.3,737.87
MIA,9,1730,5,Oceania,shoulder,leisure,apartment,561.75,372.86,460.98,274.26,60.15
TYO,13,8147,4,Oceania,off_peak,family,hotel,2780.96,2334.3,1599.27,898.09,534.4
SYD,6,5433,2,North America,peak,business,resort,1617.1,1632.9,1263.94,618.83,300.22
LAX,12,4440,4,Asia,off_peak,leisure,resort,1477.38,1154.66,797.47,571.77,438.73
LAX,9,6983,1,North America,off_peak,family,apartment,1890.52,2544.93,1132.49,942.68,472.38
NYC,13,703,1,North America,shoulder,business,airbnb,221.3,140.54,139.48,156.73,44.96
DXB,4,660,2,North America,off_peak,leisure,apartment,217.79,174.41,134.45,101.22,32.13
LAX,8,9460,5,North America,shoulder,adventure,hostel,3240.49,2455.17,2034.99,1351.99,377.36
LAX,11,4248,4,Oceania,peak,business,hostel,1713.94,1310.34,607.88,459.94,155.91
LAS,4,7218,4,Asia,shoulder,business,resort,2470.14,1539.09,1972.8,874.48,361.49
LAS,2,3081,2,North America,off_peak,leisure,resort,755.37,982.24,686.4,487.22,169.78
NYC,10,1593,2,Oceania,peak,business,apartment,508.7,343.15,343.16,312.28,85.71
DXB,11,5000,1,North America,off_peak,family,apartment,1606.68,1389.63,894.41,815.4,293.89
LON,9,9299,3,Europe,shoulder,business,hotel,2621.23,2352.52,2468.97,1319.54,536.73
LAS,5,6210,2,North America,peak,romantic,hostel,1714.59,1778.57,1530.46,881.39,305.0
LON,4,3375,3,North America,peak,family,apartment,1326.25,898.59,621.22,392.34,136.6
BKK,2,3691,2,Middle East,shoulder,leisure,airbnb,1418.78,917.91,729.18,387.48,237.65
LAS,1,2337,5,Europe,shoulder,family,hotel,844.29,691.15,327.22,332.21,142.13
SYD,11,1189,5,Asia,peak,romantic,apartment,418.34,293.43,240.93,191.55,44.76
DXB,7,4259,1,North America,peak,romantic,resort,1720.81,1115.52,746.83,520.45,155.39
NYC,6,2603,1,Asia,shoulder,business,apartment,970.14,509.6,558.92,381.39,182.96
BKK,2,865,3,Europe,off_peak,business,resort,279.9,219.19,173.6,112.17,80.14
DXB,8,8592,2,North America,peak,adventure,resort,3448.9,1450.67,2136.97,1018.82,536.64
SYD,11,4672,4,Middle East,shoulder,family,hostel,1749.51,727.8,1034.05,797.16,363.48
DXB,4,6533,1,Oceania,off_peak,adventure,hostel,2076.7,1477.65,1283.65,1439.89,255.11
SYD,8,2878,4,Middle East,peak,romantic,apartment,827.84,799.48,559.56,449.34,241.78
SYD,7,1705,4,Middle East,peak,business,apartment,636.76,412.12,297.65,223.63,134.84
LON,5,5488,2,Oceania,shoulder,business,airbnb,1648.67,1740.78,900.21,737.57,460.77
TYO,10,6169,3,Oceania,off_peak,business,hotel,1719.78,1689.23,1425.55,1026.43,308.02
BKK,10,3235,2,Oceania,peak,leisure,hotel,1453.34,541.42,751.81,345.77,142.65
DXB,12,8990,1,North America,off_peak,romantic,apartment,3566.16,1770.48,1849.15,1096.57,707.64
MIA,8,1456,4,Asia,off_peak,business,hostel,563.72,301.66,262.0,207.2,121.42
BKK,14,9806,2,Asia,peak,romantic,airbnb,3234.1,2921.81,1958.31,1306.02,385.76
TYO,9,7123,2,Oceania,off_peak,business,hotel,2388.19,2083.55,1181.76,991.08,478.41
BKK,5,1974,2,Middle East,peak,family,apartment,655.59,651.14,366.81,221.53,78.93
LAX,10,4960,1,Europe,off_peak,romantic,hostel,1874.79,1522.01,783.3,500.74,279.16
MIA,5,7502,3,Oceania,peak,adventure,hostel,2487.16,1729.25,1555.55,1153.62,576.42
TYO,2,6896,2,Middle East,shoulder,leisure,hostel,2501.05,1503.81,1536.74,1004.41,349.98
LON,5,3328,1,Middle East,peak,adventure,resort,992.41,904.37,741.07,555.13,135.03
DXB,3,3350,4,North America,peak,romantic,hostel,1223.79,617.56,727.46,480.57,300.62
PAR,7,3464,5,North America,peak,business,apartment,1264.87,919.46,686.21,486.58,106.88
TYO,10,5094,1,Asia,off_peak,romantic,airbnb,1841.2,1175.86,951.55,666.25,459.14
NYC,5,9641,5,Asia,shoulder,leisure,apartment,2976.01,2116.91,2444.24,1796.34,307.5
DXB,8,7144,2,Europe,off_peak,romantic,hostel,2879.03,1304.11,1472.78,1036.9,451.17
TYO,1,3350,2,Europe,off_peak,business,airbnb,1364.27,663.57,575.06,572.6,174.49
LAX,3,665,1,Europe,peak,adventure,hotel,277.4,149.87,100.51,105.14,32.08
PAR,3,1419,5,Europe,off_peak,family,hotel,415.12,348.11,365.71,209.46,80.6
LAX,9,8805,2,Middle East,peak,adventure,apartment,3181.05,1430.7,1532.89,1736.17,924.2
PAR,5,4004,4,Middle East,shoulder,business,airbnb,1194.33,1090.48,1046.07,490.55,182.56
NYC,12,1491,3,Asia,off_peak,business,apartment,609.52,407.6,231.28,195.09,47.52
DXB,9,6547,3,North America,off_peak,leisure,airbnb,2068.56,1878.29,1262.5,1012.62,325.02
LON,13,4339,2,North America,off_peak,romantic,airbnb,1396.99,755.33,1148.81,809.97,227.91
LAX,9,1758,5,Oceania,peak,romantic,apartment,571.44,531.37,349.13,222.65,83.4
LAX,1,8109,2,Middle East,peak,adventure,airbnb,2208.82,2368.53,1566.64,1286.18,678.84
SYD,2,9206,5,Europe,off_peak,family,hostel,4143.31,1851.33,1556.76,1354.02,300.58
PAR,5,5304,4,Europe,off_peak,family,airbnb,1935.32,1548.62,1036.06,600.96,183.04
LAS,4,567,5,Oceania,shoulder,leisure,airbnb,188.77,183.12,106.86,59.81,28.45
DXB,10,6160,2,North America,shoulder,business,apartment,2264.44,1442.27,1213.55,897.14,342.6
PAR,9,4978,4,Europe,shoulder,leisure,hotel,1475.59,1159.05,1099.16,986.74,257.45
SYD,7,8710,1,North America,shoulder,romantic,resort,2615.88,2496.85,1599.13,1536.04,462.11
BKK,6,4021,3,Oceania,shoulder,business,airbnb,1271.05,986.3,898.25,663.14,202.26
PAR,7,1072,2,North America,peak,leisure,resort,481.67,193.44,173.16,180.27,43.46
LON,1,7582,2,North America,shoulder,adventure,airbnb,2327.83,2257.37,1458.19,1072.76,465.84
DXB,1,8332,2,North America,shoulder,romantic,apartment,2510.31,2076.76,1617.76,1714.83,412.34
SYD,8,5895,4,Europe,off_peak,family,apartment,1720.24,1686.83,1143.74,981.53,362.65
BKK,13,2758,1,Asia,peak,leisure,airbnb,867.41,863.51,490.58,318.96,217.54
MIA,13,6539,5,Middle East,shoulder,romantic,apartment,2111.98,1821.28,1376.3,1038.24,191.2
SYD,2,1150,1,North America,shoulder,romantic,apartment,394.07,315.9,255.43,141.48,43.11
MIA,12,6241,4,North America,shoulder,family,airbnb,2521.37,1279.87,1257.85,833.23,348.68
DXB,10,7338,2,North America,off_peak,family,hotel,2932.18,1643.94,1621.84,750.12,389.92
LAX,11,3087,3,Asia,off_peak,family,airbnb,934.56,892.74,540.4,486.42,232.88
SYD,9,8376,2,Oceania,off_peak,leisure,hotel,3043.14,2157.94,1525.71,1094.92,554.28
NYC,7,3762,5,Europe,shoulder,family,apartment,964.56,1193.72,853.65,494.28,255.79
MIA,6,1838,3,Asia,off_peak,adventure,hotel,771.39,361.13,396.34,191.37,117.77
LON,1,5496,2,North America,shoulder,romantic,apartment,2005.52,1223.36,994.44,896.41,376.28
NYC,1,6280,3,Asia,peak,family,hotel,2127.7,1461.26,1166.15,986.12,538.77
TYO,2,3327,1,Asia,shoulder,romantic,hotel,1207.22,860.28,482.67,536.25,240.58
TYO,6,5732,4,Asia,off_peak,business,airbnb,2320.56,1126.83,1380.23,630.14,274.23
BKK,14,2717,2,Oceania,peak,business,hotel,966.12,719.01,457.89,429.65,144.32
LAX,6,4039,5,Middle East,shoulder,family,apartment,1215.29,887.14,1158.06,594.29,184.23
DXB,2,8345,1,Europe,peak,romantic,airbnb,2854.84,1759.28,1696.62,1375.15,659.11
SYD,1,9729,2,Oceania,peak,business,hotel,3222.4,2588.51,2216.44,1362.74,338.91
LAS,10,4883,1,Oceania,peak,family,airbnb,1757.78,768.11,1233.83,904.58,218.71
LON,5,3461,5,Middle East,shoulder,romantic,resort,984.48,1109.51,599.8,571.04,196.17
MIA,5,3726,2,Oceania,off_peak,family,airbnb,1480.16,1017.83,533.12,453.13,241.76
DXB,2,7337,5,Asia,shoulder,romantic,resort,3075.74,1204.23,1484.86,920.23,651.94
NYC,6,7531,3,Asia,off_peak,business,resort,3134.57,1741.68,1296.58,786.69,571.48
TYO,9,9790,5,North America,shoulder,family,airbnb,3173.42,2040.26,2381.32,1404.69,790.31
LON,2,9631,3,Oceania,shoulder,business,apartment,3189.81,1706.08,2142.57,1861.11,731.43
LAS,10,4216,2,North America,shoulder,family,apartment,1646.65,910.83,696.6,737.0,224.93
SYD,2,3914,3,Europe,off_peak,leisure,apartment,1296.36,723.11,978.17,778.46,137.9
BKK,3,1948,2,Asia,shoulder,business,hostel,572.27,533.57,435.14,245.08,161.94
LAS,13,1070,2,Europe,peak,business,resort,411.65,232.78,188.26,166.56,70.74
LON,7,3404,4,Middle East,shoulder,adventure,airbnb,1487.85,648.03,637.89,347.43,282.81
LAS,6,3005,2,Asia,peak,business,apartment,1304.27,595.06,581.01,337.98,186.68
LON,12,1417,3,Europe,off_peak,romantic,apartment,409.53,376.96,330.77,229.93,69.81
LON,8,7482,4,Middle East,off_peak,family,airbnb,2375.52,2056.73,1547.66,841.89,660.21
PAR,8,7927,4,Europe,shoulder,leisure,resort,2921.95,1545.28,1374.29,1664.53,420.95
MIA,6,6836,2,Middle East,shoulder,romantic,airbnb,2802.12,1506.58,1224.08,1104.01,199.21
TYO,12,2178,5,Middle East,shoulder,romantic,hostel,710.68,471.07,529.87,342.15,124.23
PAR,11,1115,5,Asia,peak,romantic,hostel,370.85,327.9,202.01,152.42,61.83
SYD,10,7586,4,North America,off_peak,romantic,airbnb,2662.29,1609.57,1437.09,1182.5,694.54
PAR,3,5249,2,Middle East,peak,leisure,resort,1890.62,1084.04,1054.83,914.75,304.76
LAX,3,4005,5,Middle East,peak,adventure,apartment,1484.34,740.18,1069.29,557.1,154.1
LAX,1,5029,2,Asia,shoulder,business,hostel,1584.96,1415.31,845.44,790.65,392.64
TYO,7,1635,2,North America,shoulder,romantic,hostel,512.65,403.33,305.88,291.64,121.49
LAS,5,9066,4,Oceania,peak,business,resort,4015.9,1790.73,1670.94,988.51,599.92
MIA,4,7726,4,Oceania,peak,business,hostel,3379.38,1713.37,1295.38,850.0,487.87
TYO,10,5662,1,North America,shoulder,romantic,hostel,1694.22,1313.3,1389.85,829.15,435.48
LON,4,706,5,Europe,shoulder,adventure,resort,229.75,192.56,108.58,125.91,49.21
NYC,14,5375,5,Asia,peak,business,airbnb,1830.43,1050.94,992.7,1072.69,428.24
MIA,4,1819,5,North America,shoulder,family,apartment,572.39,380.1,413.43,329.02,124.06
MIA,6,1641,3,Oceania,shoulder,business,apartment,544.84,480.94,345.3,214.97,54.95
LON,8,5127,2,Middle East,peak,romantic,hostel,2082.5,947.83,782.23,950.87,363.56
LON,8,7889,4,Oceania,peak,leisure,apartment,2979.79,1717.73,1688.03,941.92,561.52
BKK,5,3190,5,Middle East,off_peak,business,airbnb,1147.04,555.53,695.09,642.59,149.77
TYO,6,7823,1,Asia,peak,adventure,hostel,2862.14,1569.58,1284.13,1319.06,788.1
LON,4,3755,5,Middle East,shoulder,family,apartment,1099.73,937.62,864.45,581.5,271.7
LAX,12,8781,2,North America,peak,family,hotel,2630.02,2287.09,1718.23,1353.69,791.97
SYD,14,5713,2,Middle East,peak,leisure,hotel,1965.53,933.94,1381.94,887.47,544.12
NYC,11,4608,4,Europe,peak,leisure,hotel,1793.81,806.8,1010.36,775.53,221.49
TYO,13,3520,3,North America,off_peak,business,hotel,1217.61,855.67,750.96,445.58,250.18
DXB,9,2357,4,Asia,off_peak,romantic,hotel,821.14,658.94,446.85,285.65,144.41
LAX,8,9496,5,North America,shoulder,adventure,hostel,2885.53,2189.71,2329.87,1440.55,650.35
LAS,10,9636,1,Europe,off_peak,family,resort,3533.96,2694.73,1922.19,885.26,599.86
LON,12,3289,4,Asia,peak,leisure,resort,1191.28,917.77,601.38,294.48,284.09
DXB,10,4375,3,Oceania,off_peak,adventure,hostel,1582.87,1051.08,870.82,654.47,215.77
LON,1,8105,4,Europe,peak,romantic,hostel,2342.71,2577.42,1387.34,1133.77,663.76
MIA,2,8635,2,Asia,off_peak,family,airbnb,3324.76,2009.81,1892.76,1041.97,365.7
LAX,9,6555,5,Middle East,off_peak,family,resort,2295.02,1968.44,1313.71,634.29,343.54
MIA,8,4382,5,North America,off_peak,romantic,hotel,1224.89,1233.36,827.91,913.45,182.4
BKK,14,7675,5,Asia,peak,family,hostel,2078.38,1994.86,1374.67,1443.22,783.86
MIA,3,7629,5,North America,off_peak,romantic,hotel,1957.19,1735.48,1891.25,1312.44,732.64
BKK,8,5521,5,Middle East,peak,family,resort,1829.41,1256.67,1070.42,842.44,522.06
BKK,12,5235,5,Asia,peak,business,apartment,1596.15,1437.42,997.89,1031.73,171.81
DXB,1,2887,1,Oceania,shoulder,romantic,apartment,912.14,839.15,494.33,453.96,187.41
LON,10,7082,3,Europe,off_peak,adventure,hostel,2474.46,1618.71,1259.11,1148.54,581.18
LAS,4,9633,5,Asia,shoulder,business,airbnb,3385.3,2262.33,1874.53,1229.38,881.47
MIA,3,6366,3,Middle East,shoulder,adventure,hotel,2754.08,1466.49,1097.23,735.86,312.34
LAX,6,3066,5,Asia,peak,family,hostel,1000.4,785.96,578.44,550.12,151.07
BKK,7,1475,4,North America,off_peak,adventure,airbnb,434.39,368.94,360.81,221.79,89.07
LON,4,7712,5,Asia,peak,business,hotel,2987.5,1646.01,1514.46,991.84,572.19
NYC,7,9646,2,Oceania,peak,romantic,resort,3492.9,2553.6,1573.75,1596.02,429.73
TYO,9,1762,1,Asia,off_peak,leisure,apartment,548.69,430.94,410.98,223.74,147.65
DXB,11,5547,4,Europe,peak,adventure,airbnb,2334.01,1152.21,1077.06,678.37,305.35
LAS,2,9635,4,Asia,off_peak,leisure,hotel,2437.42,3264.85,1835.66,1713.96,383.11
PAR,11,7882,2,North America,off_peak,adventure,hostel,2736.45,2136.43,1469.81,1262.64,276.67
DXB,3,6731,5,Asia,peak,adventure,hotel,2192.34,1739.81,1330.91,1181.6,286.34
NYC,5,3827,1,Oceania,peak,romantic,hostel,1103.4,776.58,925.49,751.14,270.4
TYO,3,6130,4,Middle East,shoulder,family,apartment,2088.57,1616.35,1261.89,697.82,465.38
NYC,11,2759,1,Asia,peak,business,apartment,928.3,691.11,417.24,481.11,241.24
MIA,8,1757,4,Asia,off_peak,business,hotel,599.73,480.8,324.45,259.59,92.43
BKK,12,964,5,Europe,shoulder,business,hotel,354.23,211.35,189.11,140.64,68.67
LAS,10,3794,4,Oceania,off_peak,family,hostel,1357.55,842.27,771.44,499.36,323.39
SYD,8,7274,4,Middle East,shoulder,leisure,hostel,2718.33,1250.31,1581.03,1053.03,671.29
BKK,8,7931,3,North America,peak,business,airbnb,3152.59,1336.07,1517.16,1214.77,710.41
SYD,12,1730,5,Asia,peak,leisure,airbnb,663.88,375.44,361.13,264.45,65.11
TYO,12,9576,2,Middle East,peak,family,airbnb,3410.52,2506.16,1947.15,1320.85,391.32
LON,9,4305,2,North America,off_peak,family,hotel,1836.55,898.72,774.34,521.71,273.69
PAR,4,6919,5,Oceania,shoulder,romantic,airbnb,2481.48,1347.86,1482.9,1211.74,395.02
LAX,5,6250,2,Oceania,off_peak,business,hotel,2192.98,1496.24,1012.91,1033.5,514.37
BKK,5,4356,5,Middle East,shoulder,romantic,apartment,1603.92,907.13,1024.96,614.68,205.31
LAS,8,3635,2,North America,peak,business,resort,1162.98,1011.38,822.64,475.71,162.3
NYC,7,7453,3,Oceania,off_peak,family,apartment,2493.99,2221.16,1118.61,1198.17,421.07
LAS,9,9616,2,Middle East,peak,family,hotel,3546.34,2172.51,1624.2,1467.96,804.99
TYO,14,6534,4,Oceania,off_peak,adventure,hotel,2201.88,1697.77,1212.52,829.72,592.11
SYD,8,5089,5,Oceania,peak,adventure,resort,1426.51,1517.62,948.54,980.91,215.42
NYC,2,2046,1,Oceania,off_peak,family,hostel,653.27,401.52,568.02,349.69,73.5
LAX,10,6565,1,Europe,off_peak,family,hostel,2401.08,1838.49,1303.17,705.33,316.94
LAX,12,1594,5,North America,shoulder,leisure,hostel,614.71,381.89,254.8,191.48,151.11
BKK,4,2911,3,Middle East,peak,leisure,airbnb,796.27,838.94,562.11,496.91,216.76
TYO,6,3117,2,Middle East,shoulder,romantic,hostel,1051.44,687.14,701.62,411.8,264.99
LON,12,9454,3,North America,shoulder,adventure,airbnb,3513.26,2417.01,1701.07,1096.92,725.73
TYO,2,4645,1,North America,peak,adventure,airbnb,1233.1,1581.7,1139.36,519.51,171.34
SYD,7,3275,5,North America,off_peak,family,hostel,1007.53,1038.41,575.75,413.2,240.11
LAS,3,7128,5,North America,shoulder,family,hostel,2290.89,1785.15,1436.13,1283.98,331.85
LAX,13,3655,3,Asia,peak,romantic,resort,1210.41,1081.78,677.7,566.44,118.66
LAS,3,4470,3,Middle East,off_peak,adventure,resort,1693.44,842.12,1046.29,638.43,249.72
LAS,11,8472,2,Asia,shoulder,leisure,airbnb,2580.43,2062.06,1951.39,1541.0,337.12
LAS,2,9275,4,Oceania,shoulder,business,resort,3299.56,2149.79,1767.3,1590.21,468.14
LAX,11,5915,4,Oceania,shoulder,romantic,airbnb,1636.07,1495.63,1404.52,871.93,506.85
DXB,8,4831,2,Middle East,off_peak,business,hotel,1799.48,1137.17,962.74,630.61,301.0
MIA,6,2442,4,Oceania,shoulder,leisure,airbnb,833.69,692.23,453.07,260.88,202.13
SYD,1,6526,1,North America,off_peak,leisure,airbnb,2368.57,2081.22,1180.53,659.95,235.73
DXB,12,8801,4,Asia,shoulder,business,resort,3457.43,1397.38,2057.24,1095.04,793.92
SYD,1,691,2,North America,peak,romantic,hotel,255.05,204.34,108.02,100.56,23.03
NYC,7,9595,4,Oceania,shoulder,business,apartment,3022.02,2205.53,2331.43,1066.15,969.88
TYO,8,1361,5,Asia,peak,romantic,apartment,415.94,354.75,248.96,278.54,62.81
TYO,5,7211,3,North America,peak,romantic,apartment,2752.12,1650.46,1578.28,831.76,398.38
PAR,12,9775,1,Middle East,peak,family,hotel,3379.06,2749.33,1669.64,1644.5,332.47
TYO,11,1149,5,North America,off_peak,adventure,hostel,449.3,251.91,183.66,159.04,105.08
LAX,5,4634,5,Oceania,peak,adventure,hotel,1806.31,925.45,966.27,611.27,324.7
LON,4,8087,2,Asia,shoulder,leisure,resort,2396.93,2419.02,1452.7,1173.71,644.64
BKK,14,9328,3,Middle East,off_peak,family,airbnb,3368.89,2146.77,1994.8,1482.34,335.2
PAR,6,1536,3,Asia,peak,adventure,airbnb,442.62,383.08,329.26,268.4,112.65
BKK,14,4631,1,Middle East,off_peak,romantic,resort,1612.48,1332.06,783.9,567.45,335.11
SYD,6,2648,2,Asia,off_peak,romantic,resort,919.78,745.51,399.1,389.39,194.22
BKK,3,5957,1,Oceania,off_peak,business,airbnb,2152.15,1261.06,1217.34,910.21,416.24
BKK,9,6579,4,Middle East,shoulder,business,hostel,2302.92,1967.57,1028.77,842.25,437.48
PAR,12,2930,5,Europe,peak,romantic,hostel,842.12,949.12,484.17,403.57,251.03
NYC,11,2379,1,Asia,off_peak,romantic,hostel,643.37,759.77,500.89,249.55,225.42
LAS,14,8042,5,Asia,off_peak,business,resort,2397.13,2352.55,1440.13,995.89,856.29
TYO,7,2511,2,North America,off_peak,adventure,airbnb,940.55,441.83,494.69,418.68,215.26
TYO,1,3873,4,Middle East,peak,leisure,airbnb,1166.21,1118.16,681.36,572.9,334.37
LAX,13,7857,2,Europe,off_peak,business,airbnb,2808.45,1736.01,1740.71,1100.36,471.47
PAR,7,1789,4,Oceania,off_peak,adventure,hotel,704.57,433.96,331.44,241.94,77.1
LAX,5,1947,4,North America,shoulder,adventure,hotel,637.61,516.37,307.86,370.53,114.63
LON,5,3699,5,Europe,peak,adventure,apartment,1488.49,599.11,767.7,547.75,295.96
LON,14,6881,2,Middle East,shoulder,family,hotel,2130.79,1972.08,1224.43,1027.36,526.35
LAX,13,8022,2,Europe,peak,family,hostel,2934.43,1903.28,1324.0,1385.0,475.29
PAR,2,6559,1,Asia,peak,adventure,hostel,2503.0,1109.5,1336.22,1136.06,474.22
LAX,4,3683,2,Asia,peak,romantic,hostel,1343.71,770.07,715.81,672.67,180.74
TYO,12,5962,1,North America,shoulder,family,hostel,2160.59,1546.5,1425.84,612.25,216.83
DXB,6,3716,3,Middle East,shoulder,business,apartment,1294.96,941.76,567.78,673.2,238.3
MIA,10,3636,3,Middle East,shoulder,family,hostel,1248.28,835.65,923.09,467.81,161.17
BKK,11,3818,3,Europe,shoulder,romantic,resort,1147.14,1078.02,905.89,521.75,165.2
MIA,7,3282,2,North America,off_peak,leisure,resort,992.27,931.06,593.66,638.28,126.73
PAR,11,9682,2,Middle East,off_peak,family,resort,2696.53,1762.92,2466.18,1736.08,1020.29
MIA,5,8157,1,Asia,off_peak,adventure,hotel,2749.71,1668.72,1787.13,1332.85,618.58
LON,9,5420,4,Europe,peak,adventure,airbnb,2020.21,955.89,970.59,1052.02,421.28
SYD,3,6824,1,Oceania,off_peak,adventure,apartment,2730.54,1384.92,1526.43,939.72,242.39
BKK,1,6827,3,Asia,peak,leisure,resort,2684.03,1520.29,1282.72,1006.43,333.52
LAS,4,8917,1,North America,shoulder,romantic,resort,3068.44,2488.93,1449.47,1272.68,637.48
PAR,9,1276,4,Middle East,peak,business,hostel,403.11,303.03,225.16,224.24,120.45
BKK,4,5708,2,Asia,peak,romantic,resort,2129.77,1064.16,1171.06,1050.06,292.95
MIA,2,1187,1,Oceania,off_peak,leisure,hostel,463.12,341.26,169.2,137.81,75.61
LON,10,1029,3,Oceania,shoulder,adventure,hostel,363.27,301.04,197.64,127.42,39.62
NYC,14,5567,3,North America,shoulder,romantic,airbnb,2313.39,1101.18,1263.38,679.74,209.32
DXB,14,8580,2,Asia,off_peak,business,hotel,2760.46,1903.19,1974.31,1067.41,874.62
LAS,5,6018,1,Europe,shoulder,adventure,hostel,2191.98,1507.52,1175.16,951.57,191.77
DXB,3,2653,4,Asia,shoulder,business,hostel,1097.87,640.82,376.2,389.62,148.49
BKK,13,9986,2,Oceania,shoulder,family,airbnb,2555.08,3358.06,1514.72,1582.21,975.93
LON,12,6594,1,North America,off_peak,business,hostel,2489.1,1680.22,1255.28,892.13,277.27
LON,13,7474,5,North America,shoulder,adventure,apartment,2631.6,2014.64,1413.59,858.77,555.4
MIA,9,5274,3,Europe,peak,family,hotel,1955.79,1152.1,1058.49,582.31,525.31
TYO,4,8192,4,North America,peak,adventure,apartment,2820.6,2235.27,1642.29,1258.36,235.48
MIA,6,3603,4,North America,shoulder,adventure,resort,1185.47,1049.48,515.66,653.1,199.29
TYO,2,2940,4,North America,off_peak,family,hotel,890.24,741.04,665.18,426.29,217.25
TYO,6,4635,3,North America,off_peak,business,resort,1737.75,1371.67,813.32,515.72,196.54
LAS,3,7624,1,North America,off_peak,leisure,hostel,2608.83,1704.34,1796.46,1236.51,277.87
MIA,12,5701,2,Oceania,shoulder,leisure,airbnb,1888.87,1235.74,1362.1,739.59,474.69
NYC,12,1344,1,Asia,shoulder,leisure,apartment,445.7,361.23,307.27,173.08,56.72
LAX,9,946,2,Middle East,peak,leisure,resort,344.73,169.6,182.74,197.5,51.43
LAX,11,4415,4,North America,off_peak,romantic,hostel,1827.55,747.4,931.88,694.22,213.96
MIA,2,3609,1,Middle East,peak,leisure,apartment,1156.01,960.61,860.16,506.87,125.36
MIA,12,1734,4,Middle East,peak,family,apartment,584.66,344.55,438.96,305.44,60.39
DXB,12,7087,5,Oceania,off_peak,leisure,resort,2351.31,1219.43,1775.32,1452.47,288.47
LAS,9,726,4,North America,shoulder,adventure,hostel,240.75,239.55,117.16,92.0,36.53
MIA,5,4643,4,Middle East,shoulder,leisure,airbnb,1370.82,842.02,1313.35,841.24,275.57
DXB,8,7685,2,North America,peak,business,resort,2593.37,2332.49,1486.04,977.49,295.6
TYO,2,6058,5,Europe,peak,family,apartment,2622.33,1233.11,1039.99,945.45,217.12
LON,6,686,4,Europe,peak,family,apartment,283.79,176.46,105.87,75.11,44.77
LON,3,3035,4,Europe,peak,romantic,hotel,910.12,863.5,579.48,405.99,275.91
TYO,12,2432,5,Middle East,off_peak,adventure,hostel,775.09,543.55,511.56,427.4,174.4
PAR,12,9540,5,Europe,peak,family,hotel,3682.67,2122.23,1870.52,1131.14,733.44
DXB,14,2532,1,Oceania,peak,business,airbnb,864.15,441.2,714.65,383.5,128.51
DXB,10,1752,2,Oceania,shoulder,leisure,resort,620.15,441.35,403.29,218.41,68.8
TYO,5,6009,5,Middle East,shoulder,family,apartment,2131.69,1444.83,1117.47,970.43,344.58
NYC,12,5574,5,North America,shoulder,business,hostel,1446.74,1854.52,1352.59,685.46,234.69
SYD,8,2381,3,Asia,off_peak,leisure,apartment,783.5,601.91,535.66,300.22,159.71
BKK,10,769,5,North America,off_peak,romantic,hotel,325.63,183.6,124.12,105.38,30.27
TYO,14,2130,2,North America,shoulder,family,hotel,587.31,696.23,403.03,232.3,211.13
MIA,1,4905,4,North America,shoulder,family,resort,1887.16,1101.75,982.02,691.08,242.99
MIA,5,6639,4,North America,peak,business,hostel,2741.92,1206.7,1351.7,706.27,632.41
LAS,3,2074,4,Asia,peak,adventure,hostel,661.63,590.18,338.77,323.21,160.21
TYO,4,2195,4,Europe,off_peak,romantic,resort,990.11,427.36,384.31,296.22,97.0
LAS,2,3758,3,North America,off_peak,adventure,hotel,1448.12,958.26,742.69,459.28,149.65
TYO,9,3762,5,Oceania,peak,family,hotel,1153.91,911.27,887.35,496.93,312.54
DXB,3,1945,4,Middle East,shoulder,adventure,hotel,657.38,617.34,327.07,273.83,69.39
BKK,2,6763,1,Middle East,peak,leisure,apartment,2240.99,1776.9,1578.25,846.88,319.97
DXB,10,8911,4,Oceania,off_peak,romantic,airbnb,3194.99,1922.95,1682.83,1558.91,551.32
SYD,11,552,5,North America,off_peak,adventure,hotel,192.59,142.41,116.6,82.92,17.48
LON,9,6070,4,Asia,peak,leisure,airbnb,1783.73,1948.58,950.31,888.82,498.57
LAX,7,8079,3,Europe,peak,business,airbnb,3195.34,1952.58,1374.68,1184.55,371.85
TYO,6,2166,2,Middle East,peak,adventure,hostel,839.09,556.02,426.85,272.5,71.54
SYD,1,7401,2,Europe,off_peak,romantic,resort,2466.0,1641.67,1615.13,1187.69,490.52
LON,5,3285,5,Asia,shoulder,leisure,apartment,1057.51,1052.08,544.62,489.17,141.63
PAR,12,1219,2,Middle East,peak,adventure,airbnb,465.93,257.87,279.32,171.68,44.21
BKK,11,9097,2,Europe,off_peak,business,apartment,3820.59,1624.7,1727.86,1366.33,557.51
LAS,14,7355,1,Asia,off_peak,adventure,hostel,2813.56,1917.95,1278.4,748.87,596.21
LAS,11,2794,5,Europe,off_peak,leisure,hotel,810.04,828.84,478.95,434.12,242.05
DXB,3,8763,5,North America,peak,adventure,airbnb,3188.63,1951.41,1733.73,1294.34,594.88
MIA,1,9921,2,Asia,peak,romantic,resort,3049.82,3162.67,1795.89,1107.66,804.96
LON,4,4982,2,Europe,shoulder,family,hostel,1255.24,1396.19,1086.33,892.93,351.31
PAR,13,1198,2,North America,off_peak,leisure,apartment,441.77,281.15,253.91,151.81,69.36
SYD,2,7743,3,North America,peak,leisure,hotel,3107.01,1527.39,1392.57,1380.94,335.09
BKK,2,9518,4,Asia,off_peak,leisure,apartment,3111.8,1596.68,2309.11,1682.81,817.6
LON,3,6418,3,Oceania,off_peak,leisure,resort,1903.91,1868.87,1362.85,888.11,394.27
PAR,8,848,5,Middle East,shoulder,adventure,airbnb,304.55,208.29,179.41,98.92,56.83
LAX,8,5874,1,Asia,peak,romantic,resort,1893.98,1348.99,1096.87,1047.91,486.25
TYO,12,8369,4,North America,peak,business,apartment,2962.57,2311.47,1215.88,1374.44,504.63
LAS,7,807,1,North America,off_peak,romantic,apartment,318.35,180.68,159.93,106.09,41.96
SYD,6,3916,5,Asia,off_peak,leisure,resort,1053.29,1219.9,719.37,563.09,360.34
LAS,9,5320,5,Oceania,shoulder,adventure,resort,1487.01,1727.75,1165.68,731.18,208.38
SYD,4,4058,1,Middle East,shoulder,adventure,resort,1344.29,1087.77,821.88,635.18,168.89
DXB,12,4978,1,Europe,shoulder,leisure,hotel,1871.69,908.22,1144.69,617.9,435.5
MIA,1,7031,1,Asia,shoulder,adventure,apartment,2116.68,2162.96,1347.34,1163.62,240.4
SYD,8,5120,5,Middle East,shoulder,leisure,hostel,1980.97,1020.07,1127.3,647.76,343.9
LAS,7,3485,2,Middle East,shoulder,romantic,hotel,1014.57,723.26,781.12,736.97,229.08
DXB,7,8612,1,North America,off_peak,family,hotel,3364.42,2239.43,1735.34,924.57,348.23
SYD,3,8967,4,Europe,shoulder,adventure,hotel,3543.96,1927.55,1756.42,1269.54,469.54
LAX,4,3047,5,Asia,off_peak,leisure,hostel,1047.55,834.97,524.84,443.64,196.0
MIA,10,836,3,North America,off_peak,leisure,resort,362.79,178.78,174.05,92.31,28.07
SYD,9,3479,3,North America,peak,adventure,apartment,1351.6,943.35,578.95,479.27,125.83
DXB,6,4468,4,Oceania,off_peak,business,airbnb,1774.82,743.9,1023.38,701.36,224.53
LON,5,1410,2,Middle East,off_peak,leisure,airbnb,493.04,405.17,204.72,210.78,96.29
NYC,3,2496,1,Asia,shoulder,adventure,apartment,834.56,713.4,415.07,349.79,183.18
PAR,9,3629,5,Asia,off_peak,leisure,hostel,1218.53,867.59,640.66,627.33,274.89
NYC,5,5947,1,Asia,shoulder,business,airbnb,2250.58,1547.02,1040.26,665.79,443.35
NYC,5,6629,5,North America,shoulder,family,hotel,2038.75,1890.25,1248.72,1183.95,267.33
BKK,14,6350,3,Oceania,shoulder,business,airbnb,2641.07,1235.46,1262.93,885.32,325.22
LAX,4,4704,1,Europe,peak,romantic,apartment,1434.7,913.74,1141.88,711.33,502.35
LON,14,7946,4,North America,shoulder,adventure,hotel,2517.77,2770.05,1362.57,881.11,414.5
TYO,4,9019,2,Europe,off_peak,business,airbnb,3787.44,2255.62,1450.4,1066.31,459.23
SYD,12,814,4,Oceania,shoulder,family,apartment,282.09,165.92,172.23,123.88,69.88
PAR,1,1634,2,Middle East,shoulder,leisure,hostel,565.64,349.27,403.21,218.97,96.92
MIA,7,5376,1,Asia,shoulder,adventure,apartment,2415.62,983.83,1106.55,636.84,233.17
LON,9,8602,1,Europe,peak,business,hostel,2560.87,1550.32,1918.94,1846.36,725.52
LAS,3,8847,2,North America,off_peak,family,hotel,2924.73,1969.44,1799.76,1458.85,694.22
TYO,12,6092,3,Europe,peak,business,apartment,2430.99,1099.55,1234.21,932.59,394.66
BKK,13,2224,5,Middle East,off_peak,romantic,resort,820.27,397.7,379.65,450.77,175.62
BKK,2,3843,4,Asia,peak,adventure,resort,1262.17,859.05,880.58,587.11,254.1
LON,3,1386,4,Europe,off_peak,leisure,resort,436.39,295.91,315.2,282.96,55.54
DXB,1,1221,4,Middle East,peak,family,resort,373.73,340.84,270.3,140.36,95.76
NYC,6,8178,1,North America,shoulder,business,resort,2958.94,2222.9,1535.8,1148.69,311.67
LAS,11,9604,4,Oceania,peak,adventure,hostel,3369.27,2491.8,1705.13,1335.09,702.7
BKK,11,3857,5,North America,peak,business,apartment,1659.77,787.87,658.14,603.66,147.56
PAR,7,1370,5,Asia,shoulder,adventure,hotel,539.74,247.07,293.15,238.63,51.41
BKK,11,7251,2,North America,shoulder,romantic,resort,2271.99,1692.54,1456.96,1306.87,522.65
MIA,11,997,1,North America,off_peak,business,resort,350.78,258.05,162.59,190.26,35.32
SYD,2,2256,5,North America,off_peak,romantic,hotel,824.8,512.1,402.19,338.08,178.84
BKK,8,1617,3,North America,off_peak,family,hotel,654.77,386.23,246.46,280.5,49.04
MIA,14,3328,1,Asia,peak,romantic,resort,1178.97,819.71,689.02,543.68,96.62
LON,6,2147,1,Middle East,off_peak,adventure,hostel,900.85,423.75,382.36,350.82,89.22
LON,14,7492,5,Europe,peak,family,hotel,2557.4,2222.57,1337.97,798.53,575.54
TYO,4,7271,3,Oceania,peak,business,apartment,2643.56,1863.83,1329.34,1173.89,260.39
BKK,5,642,2,Europe,off_peak,business,apartment,228.09,177.45,124.0,65.38,47.09
PAR,8,3261,5,Europe,off_peak,adventure,hostel,1127.48,867.67,755.01,332.11,178.72
BKK,14,3935,3,Oceania,peak,leisure,airbnb,1404.94,1063.69,798.71,397.61,270.05
PAR,3,7122,1,Asia,shoulder,leisure,hostel,1996.24,2194.35,1247.29,1242.06,442.06
LAX,3,7569,3,Oceania,shoulder,business,resort,2957.27,1758.67,1410.08,904.64,538.33
TYO,14,5012,1,Asia,peak,adventure,airbnb,1854.66,816.39,1120.62,972.81,247.53
LAX,14,2348,5,Europe,off_peak,leisure,resort,678.59,626.84,534.63,288.22,219.71
BKK,11,3196,5,Asia,peak,romantic,apartment,1302.38,568.55,527.5,508.6,288.97
TYO,4,2217,4,Middle East,peak,business,hotel,854.96,521.25,364.04,318.67,158.08
LAX,1,3572,4,Oceania,off_peak,romantic,resort,1237.28,986.3,637.92,568.25,142.26
NYC,9,9759,4,Middle East,shoulder,adventure,apartment,2669.8,3303.1,1752.09,1618.58,415.43
BKK,8,3286,5,Europe,peak,romantic,hostel,1123.03,825.15,610.2,388.3,339.32
LAX,8,4291,2,Oceania,shoulder,leisure,resort,1268.13,815.37,1158.29,644.2,405.0
NYC,14,9980,5,Europe,shoulder,leisure,apartment,3035.86,2146.68,2253.45,2161.98,382.04
NYC,10,4371,3,Middle East,off_peak,family,hotel,1628.3,782.39,838.16,940.88,181.28
LON,6,2306,5,Europe,peak,business,resort,892.77,393.15,500.4,325.87,193.81
BKK,7,2004,5,Oceania,peak,adventure,apartment,539.23,581.68,419.46,296.78,166.85
NYC,6,3808,1,Oceania,shoulder,business,resort,1264.74,1084.03,626.63,529.65,302.95
LON,9,7617,1,Europe,shoulder,romantic,hotel,2274.15,1918.51,1910.18,1143.9,370.26
LAX,3,5548,1,Oceania,off_peak,adventure,resort,1522.77,1555.12,1167.41,927.37,375.33
MIA,14,8763,5,Oceania,shoulder,adventure,resort,3680.06,1950.64,1697.41,1108.21,326.68
BKK,3,2190,2,Europe,off_peak,leisure,apartment,751.22,550.35,364.97,352.77,170.7
TYO,3,3803,3,Middle East,peak,romantic,airbnb,1475.95,940.97,640.0,587.09,158.98
PAR,10,3613,3,Oceania,off_peak,leisure,resort,1147.05,1177.8,640.86,401.07,246.21
PAR,3,9574,2,Oceania,shoulder,leisure,airbnb,3638.31,1853.77,1666.17,1953.88,461.87
LAX,9,8350,2,Oceania,peak,family,hostel,3262.6,1906.64,1511.62,1011.63,657.52
DXB,12,6916,3,Oceania,off_peak,leisure,resort,2985.78,1416.93,1117.64,796.61,599.05
DXB,4,2004,4,Europe,peak,business,airbnb,719.85,376.58,392.9,323.29,191.39
LAX,13,9424,1,Middle East,off_peak,adventure,hostel,3935.83,1926.64,1725.49,1469.2,366.83
NYC,7,4424,1,Middle East,shoulder,leisure,apartment,1696.1,973.77,779.31,638.12,336.7
BKK,14,9115,3,Asia,shoulder,business,resort,2897.01,2471.95,1695.33,1423.53,627.18
PAR,9,4985,2,Oceania,peak,romantic,apartment,1491.15,829.06,1241.69,1005.21,417.89
PAR,11,8600,4,Oceania,peak,adventure,hostel,3108.79,1606.43,1608.12,1568.59,708.07
NYC,12,9184,3,Asia,peak,romantic,apartment,3117.32,2107.86,1989.02,1408.45,561.34
PAR,7,691,1,Middle East,off_peak,business,apartment,255.27,103.57,153.91,118.33,59.92
TYO,9,9190,5,North America,shoulder,romantic,hotel,3326.99,2094.07,1813.52,1187.02,768.39
BKK,12,5417,2,North America,peak,romantic,hostel,1612.24,1863.94,983.96,617.01,339.85
SYD,3,6331,5,Middle East,peak,romantic,apartment,2353.01,1237.74,1296.93,1140.53,302.79
PAR,4,9948,3,Oceania,peak,leisure,airbnb,3612.26,2149.83,2002.94,1644.89,538.09
LAX,14,4822,1,North America,off_peak,leisure,hostel,1794.38,1050.32,929.16,689.59,358.55
TYO,8,7499,4,Europe,peak,leisure,hotel,2354.17,1608.06,1643.03,1531.36,362.37
PAR,6,9508,5,Europe,peak,adventure,resort,4331.94,1711.67,1633.53,1138.28,692.59
TYO,5,7782,4,Asia,off_peak,business,apartment,3270.25,1516.45,1548.75,886.97,559.59
LON,13,9778,1,Middle East,off_peak,leisure,airbnb,2868.71,2593.1,2251.09,1649.4,415.71
SYD,4,2374,5,Middle East,peak,romantic,hotel,623.25,627.67,509.8,421.29,191.99
LAS,8,9562,4,North America,peak,romantic,hostel,4153.91,2163.42,1710.15,960.24,574.29
LAX,1,5263,4,Oceania,off_peak,romantic,apartment,1823.08,1500.95,847.34,725.63,365.99
LAX,14,8964,5,Middle East,shoulder,romantic,hotel,3212.45,1825.94,2047.26,1046.11,832.25
BKK,9,9721,1,North America,off_peak,family,hotel,3937.66,1994.35,1677.06,1558.26,553.66
TYO,1,1551,4,North America,shoulder,adventure,airbnb,408.04,532.91,308.08,192.04,109.93
NYC,8,8038,3,Middle East,peak,business,resort,2627.38,1710.0,1829.56,1244.05,627.01
LAX,4,7911,5,North America,peak,business,resort,3232.64,2314.99,1084.59,755.75,523.03
TYO,9,6820,2,Asia,shoulder,leisure,resort,2327.91,2020.13,1320.78,761.62,389.56
TYO,14,2605,2,Asia,off_peak,family,hostel,961.97,781.55,405.75,359.66,96.07
MIA,11,807,1,Middle East,peak,business,hotel,277.75,133.56,194.1,130.21,71.38
MIA,5,8237,3,Oceania,shoulder,adventure,hostel,3322.96,1378.47,1621.46,1394.47,519.63
LAS,3,3859,4,Asia,off_peak,romantic,hotel,1416.17,867.58,814.9,522.93,237.43
LON,9,3676,2,Asia,shoulder,leisure,airbnb,1310.71,734.17,753.32,577.66,300.15
LAS,11,1751,1,Middle East,off_peak,adventure,airbnb,481.18,342.97,431.86,333.56,161.43
PAR,14,5866,3,Europe,off_peak,business,hostel,2542.94,1017.71,973.79,780.82,550.74
NYC,14,2017,3,North America,off_peak,family,hostel,826.75,438.43,324.02,329.88,97.92
PAR,9,6726,1,Asia,off_peak,leisure,airbnb,2080.32,1975.96,1210.37,1123.48,335.86
DXB,4,5805,1,Europe,shoulder,business,apartment,1891.7,1651.17,1048.62,811.03,402.48
PAR,11,6369,4,Oceania,shoulder,leisure,resort,2685.82,1055.86,1156.95,880.33,590.04
BKK,4,8539,1,Europe,shoulder,business,resort,3688.56,1455.32,1353.62,1617.6,423.9
PAR,12,5391,4,Middle East,shoulder,romantic,airbnb,1865.5,982.41,1110.18,1058.87,374.04
LAS,8,5492,4,Oceania,shoulder,family,resort,1857.05,1752.39,848.55,562.96,471.05
LAX,2,2461,5,Oceania,off_peak,romantic,apartment,1000.12,500.7,450.51,323.59,186.08
LAX,9,3363,3,Europe,peak,business,apartment,966.88,913.93,602.4,670.93,208.85
MIA,13,7103,3,Middle East,peak,adventure,hotel,2749.63,1205.49,1205.2,1295.53,647.15
NYC,14,5067,3,Asia,shoulder,romantic,hostel,1870.44,1419.05,765.64,808.02,203.85
NYC,6,7013,5,Europe,shoulder,adventure,resort,1770.28,1979.28,1568.94,1127.23,567.26
BKK,9,4505,4,Asia,peak,business,apartment,1804.92,712.56,992.69,644.78,350.05
LAS,8,9614,4,Europe,off_peak,family,hostel,3348.5,2326.19,1941.62,1163.29,834.4
MIA,7,683,1,Asia,shoulder,adventure,hostel,229.63,179.63,128.76,106.91,38.07
DXB,13,8255,5,Europe,off_peak,business,hotel,2491.37,2380.46,1886.92,1033.01,463.23
NYC,14,3858,1,Oceania,peak,adventure,hostel,1813.77,708.56,742.94,426.36,166.38
LAX,1,7115,5,North America,peak,romantic,hostel,2768.79,1586.11,1386.3,821.65,552.15
PAR,14,7297,1,Oceania,shoulder,business,airbnb,3157.47,1468.86,1218.64,852.61,599.41
PAR,12,9228,2,Asia,off_peak,romantic,hotel,3049.72,2738.05,1818.86,1287.84,333.53
MIA,3,8178,3,Middle East,shoulder,leisure,hotel,2896.47,1548.51,1746.15,1473.09,513.78
LAS,11,6198,3,Oceania,peak,business,resort,2108.78,1608.71,1184.65,1044.49,251.37
LAS,14,1773,4,North America,off_peak,adventure,hostel,536.94,507.19,390.71,281.64,56.52
LON,2,7153,2,Asia,shoulder,leisure,resort,2279.82,2125.19,1158.44,1242.43,347.12
SYD,5,1596,3,Oceania,shoulder,romantic,apartment,474.28,391.89,340.32,278.02,111.49
NYC,5,9997,4,Europe,shoulder,romantic,hostel,3892.8,1686.49,1910.34,1427.84,1079.53
LAS,5,9607,2,Middle East,peak,adventure,apartment,3043.15,3242.04,1776.72,1079.1,465.99
LAX,4,8502,3,Asia,shoulder,leisure,airbnb,2253.11,2557.04,1608.49,1429.02,654.33
MIA,5,4747,1,Oceania,off_peak,family,hostel,1609.8,1254.83,935.29,733.44,213.63
DXB,3,9720,5,Asia,shoulder,adventure,resort,3248.72,2630.55,1504.65,1452.64,883.44
LON,12,5814,2,Europe,peak,romantic,resort,1998.67,1493.9,976.13,1029.15,316.15
TYO,1,3854,4,North America,shoulder,business,hostel,1425.12,1126.17,780.18,350.33,172.19
BKK,5,770,2,Oceania,peak,leisure,resort,278.93,197.53,153.19,99.91,40.43
DXB,13,1686,4,Asia,peak,family,hostel,474.37,555.84,392.56,185.14,78.09
TYO,9,6805,2,Asia,off_peak,business,hotel,2509.64,1991.85,1137.06,864.3,302.15
PAR,13,2898,4,Asia,off_peak,leisure,resort,768.26,873.16,579.02,453.93,223.63
BKK,9,7495,3,North America,shoulder,adventure,hostel,2186.13,2064.5,1686.24,1155.54,402.59
NYC,4,7799,1,Asia,peak,adventure,hostel,2770.2,2325.63,1147.3,891.27,664.6
LAX,3,4682,3,Middle East,peak,leisure,resort,1927.92,1083.37,822.77,563.03,284.91
BKK,1,2730,1,Middle East,off_peak,family,hotel,1131.16,465.93,497.05,494.92,140.94
SYD,2,7011,3,Asia,off_peak,leisure,resort,2532.88,1429.88,1446.45,1243.17,358.63
TYO,8,628,3,Middle East,shoulder,business,hostel,215.26,178.61,127.6,73.66,32.88
NYC,1,9961,2,Oceania,peak,business,hotel,3354.45,2297.67,2151.29,1296.21,861.38
SYD,8,4172,5,Middle East,off_peak,adventure,apartment,1336.06,1232.67,864.1,494.57,244.6
PAR,13,5265,4,Asia,shoulder,leisure,airbnb,2178.97,1027.34,834.11,1008.77,215.82
SYD,7,4470,4,Europe,peak,adventure,resort,1603.52,1246.89,734.78,677.1,207.7
LON,8,8045,4,Oceania,peak,family,hostel,3008.6,2247.15,1126.31,1129.23,533.72
LON,12,6052,1,North America,off_peak,business,hotel,1541.5,2131.88,1174.79,934.95,268.88
MIA,6,1127,4,Asia,shoulder,romantic,hotel,363.83,305.12,203.91,174.79,79.36
DXB,12,7089,4,North America,off_peak,romantic,apartment,2516.45,2005.86,1394.37,881.24,291.07
DXB,14,2544,2,Europe,shoulder,leisure,resort,999.2,790.49,363.44,304.25,86.61
NYC,9,2841,3,North America,peak,leisure,hotel,1065.04,636.86,541.98,393.45,203.68
PAR,3,6384,4,Asia,shoulder,romantic,apartment,2273.56,1285.91,1099.46,1047.35,677.72
LAS,10,8685,5,Asia,shoulder,leisure,hostel,3045.59,1852.41,2375.39,1082.37,329.24
LON,4,749,4,Europe,shoulder,business,apartment,273.71,186.5,123.53,112.62,52.64
NYC,13,3425,1,Asia,shoulder,family,resort,840.5,929.23,697.41,639.72,318.15
LAS,6,5543,1,Europe,shoulder,family,apartment,1951.73,1606.47,983.99,639.34,361.47
DXB,8,1474,1,Europe,off_peak,adventure,hotel,514.32,349.38,255.8,241.02,113.49
MIA,5,7692,4,Asia,shoulder,business,hotel,2996.45,1250.37,1735.99,1450.96,258.24
SYD,3,9675,2,Middle East,shoulder,leisure,airbnb,2954.57,3109.64,1877.6,1353.77,379.42
LON,6,9580,5,Europe,peak,leisure,apartment,3655.43,2394.1,1638.4,1474.19,417.87
NYC,4,3172,4,Asia,shoulder,adventure,hostel,1082.08,941.66,538.01,445.9,164.36
BKK,9,7779,2,Middle East,peak,adventure,resort,2254.71,2794.01,1323.14,902.58,504.56
LAS,13,8031,2,Europe,off_peak,leisure,airbnb,3037.72,1758.33,1346.7,1447.31,440.94
SYD,3,9162,4,Middle East,off_peak,leisure,apartment,2901.75,2240.29,1722.33,1526.34,771.29
LON,4,2487,4,Oceania,shoulder,business,hostel,1108.04,528.49,450.6,275.61,124.25
DXB,7,590,2,Oceania,off_peak,adventure,airbnb,176.17,151.49,113.79,109.24,39.32
PAR,7,9221,2,Middle East,shoulder,business,hotel,2774.26,2374.27,1764.75,1734.63,573.1
LAS,12,4559,2,Europe,off_peak,leisure,resort,1340.6,1055.19,827.37,861.62,474.22
DXB,12,3273,4,Asia,shoulder,romantic,apartment,974.09,1099.74,673.57,407.21,118.39
LON,4,8883,2,North America,shoulder,romantic,hostel,3493.39,1809.16,2044.67,1182.25,353.53
LAS,6,7909,1,Asia,peak,leisure,hotel,2671.58,2209.46,1525.88,1150.0,352.07
SYD,12,4940,4,North America,peak,adventure,airbnb,1405.45,1017.13,1040.76,1045.78,430.88
LON,13,7847,1,North America,peak,romantic,resort,2994.27,1480.06,1573.16,1341.65,457.86
TYO,3,1508,3,Europe,peak,adventure,airbnb,462.73,404.75,283.7,274.51,82.3
NYC,6,4283,4,Middle East,shoulder,romantic,airbnb,1360.16,1165.57,827.58,744.62,185.08
SYD,12,7146,3,Asia,off_peak,adventure,hostel,2831.02,2071.59,1065.23,754.34,423.83
LAS,2,4798,2,Middle East,shoulder,romantic,hotel,1965.82,941.74,758.47,750.97,381.0
PAR,8,5168,2,Oceania,peak,adventure,apartment,1512.26,1507.61,1239.99,575.34,332.8
DXB,2,4787,5,Europe,peak,business,hostel,1490.3,1090.96,906.5,800.55,498.68
BKK,11,2552,2,Europe,off_peak,adventure,resort,1026.39,546.35,432.58,436.31,110.37
DXB,7,6509,3,Oceania,peak,business,airbnb,2081.87,1647.2,1570.96,707.03,501.94
LAS,9,2216,2,Asia,shoulder,business,resort,570.3,622.56,462.79,408.72,151.63
DXB,1,810,4,Oceania,shoulder,leisure,hostel,281.21,174.2,139.08,134.64,80.88
NYC,8,5038,2,Asia,shoulder,business,hostel,1729.47,1459.34,881.25,709.59,258.34
LON,7,1760,5,North America,shoulder,family,apartment,505.4,433.91,420.96,259.34,140.39
BKK,6,4432,2,Europe,shoulder,business,airbnb,1732.21,925.12,990.68,577.34,206.66
LAX,6,1084,3,Asia,off_peak,adventure,hostel,338.49,218.37,257.14,216.96,53.04
LAS,6,8116,3,Middle East,shoulder,business,resort,2405.83,1916.69,1944.0,1232.89,616.59
MIA,9,9051,2,Middle East,peak,adventure,apartment,3255.86,1891.31,2040.47,1059.5,803.86
LAX,2,3366,3,Europe,peak,adventure,resort,1035.23,613.38,801.82,606.42,309.15
DXB,1,6398,3,Oceania,peak,family,airbnb,2100.29,2215.24,1067.21,678.93,336.34
LAS,13,2511,5,Oceania,peak,business,apartment,981.58,682.24,464.15,301.15,81.86
TYO,12,6751,4,Asia,off_peak,business,apartment,2062.76,1572.26,1420.88,1069.36,625.74
MIA,6,5439,5,Oceania,peak,romantic,apartment,1601.47,1288.32,1175.0,990.66,383.54
BKK,10,4506,1,Europe,off_peak,romantic,hotel,1852.1,1163.51,659.25,476.84,354.3
PAR,11,2125,5,Asia,peak,leisure,apartment,868.35,399.1,344.31,348.69,164.55
TYO,8,1390,2,North America,off_peak,adventure,resort,409.33,361.56,266.79,285.33,66.99
LAX,3,6578,4,Oceania,off_peak,family,resort,2635.28,1685.05,1004.23,1007.87,245.58
LON,12,7536,2,Oceania,off_peak,romantic,airbnb,2875.14,1981.24,1137.39,907.16,635.07
NYC,10,9423,1,Asia,peak,business,hostel,2887.24,2364.03,1714.43,1818.06,639.23
PAR,1,4461,4,Middle East,off_peak,leisure,hostel,1956.42,837.87,774.22,632.93,259.56
TYO,9,3004,3,Oceania,shoulder,family,hotel,1113.3,757.91,538.52,475.19,119.08
LON,13,9306,5,Europe,shoulder,business,apartment,2429.1,2967.28,1908.47,1524.87,476.27
LON,13,4306,2,Oceania,peak,business,hotel,1515.55,777.76,1101.18,743.99,167.51
LAS,1,6600,1,North America,shoulder,adventure,airbnb,2686.42,1561.38,1480.88,662.03,209.29
TYO,3,2219,3,Oceania,shoulder,adventure,airbnb,666.16,450.54,530.75,400.11,171.43
BKK,8,7186,5,Middle East,shoulder,romantic,hostel,2743.92,1281.63,1545.18,1227.12,388.15
DXB,14,2087,3,Oceania,peak,romantic,airbnb,579.2,636.14,395.7,386.65,89.31
MIA,3,7500,5,Asia,peak,business,apartment,2850.1,2003.69,1274.39,1085.67,286.15
MIA,13,1396,4,Oceania,shoulder,business,resort,452.56,420.41,233.6,232.9,56.53
LAX,4,6058,3,Middle East,peak,romantic,airbnb,2016.84,1746.15,956.1,996.19,342.72
LAX,8,8969,3,Asia,off_peak,romantic,hotel,2895.5,3042.79,1415.62,949.9,665.18
MIA,1,5147,3,Europe,shoulder,business,apartment,1845.19,1353.68,711.96,879.1,357.07
BKK,13,2932,4,Asia,peak,family,airbnb,1153.8,566.17,575.54,487.92,148.57
NYC,13,4404,1,North America,peak,business,airbnb,1745.82,800.05,715.56,756.83,385.74
SYD,6,7337,5,Asia,shoulder,family,apartment,2309.94,1333.71,1699.55,1451.74,542.05
DXB,1,1949,3,Europe,peak,family,airbnb,669.23,537.28,293.52,350.41,98.55
NYC,14,5000,4,Oceania,shoulder,business,resort,1729.36,1122.02,906.09,783.89,458.65
LAS,1,5954,1,Asia,peak,leisure,hostel,2113.87,1709.71,845.75,1002.33,282.35
SYD,14,9924,5,Asia,off_peak,romantic,apartment,2899.52,1818.3,2295.55,2103.62,807.0
SYD,8,4617,4,Asia,shoulder,adventure,hotel,1623.49,1023.37,1087.42,571.66,311.06
TYO,11,9369,5,Asia,off_peak,business,airbnb,3187.2,2856.92,1601.43,998.14,725.31
BKK,4,2528,3,Europe,shoulder,family,hostel,891.13,719.32,383.12,313.88,220.55
BKK,12,7345,1,Middle East,peak,business,hotel,2120.0,2140.18,1307.78,1129.35,647.69
SYD,1,4258,4,Middle East,off_peak,romantic,hotel,1331.59,1191.35,737.69,765.66,231.72
TYO,10,6404,1,Asia,peak,family,resort,1826.09,1503.11,1463.21,1205.71,405.88
DXB,7,5124,3,Europe,shoulder,adventure,hostel,1612.74,1394.51,1011.44,724.73,380.58
SYD,5,9348,1,Europe,shoulder,adventure,apartment,3758.08,1553.21,1586.11,2037.42,413.18
PAR,5,665,1,Asia,shoulder,adventure,hostel,198.45,201.97,101.66,110.58,52.34
LAX,1,5091,2,North America,shoulder,leisure,hostel,2124.48,980.08,862.26,903.85,220.33
LAX,14,1089,1,Asia,shoulder,family,hotel,356.41,288.9,175.63,192.13,75.92
NYC,10,5024,5,North America,off_peak,family,resort,1606.52,1097.0,1047.03,770.95,502.51
LAS,11,3321,4,Asia,shoulder,leisure,resort,952.88,783.26,858.06,553.92,172.88
LAX,6,7009,2,North America,peak,family,hostel,2725.39,1227.83,1484.97,1065.53,505.28
LON,14,8193,4,North America,off_peak,leisure,hostel,2935.84,1830.86,1686.21,1337.7,402.39
NYC,9,9954,4,Asia,peak,business,airbnb,2931.23,2910.65,1798.1,1657.97,656.05
LAX,9,571,3,North America,shoulder,romantic,hotel,227.85,96.52,109.87,92.82,43.94
LAS,8,4080,3,Oceania,peak,adventure,apartment,1369.43,1067.78,785.14,673.11,184.55
BKK,5,8462,2,Middle East,off_peak,leisure,apartment,3479.55,1473.74,1821.28,1166.28,521.15
BKK,1,768,3,Europe,off_peak,leisure,resort,265.01,133.84,162.39,164.71,42.05
DXB,9,2962,3,North America,off_peak,leisure,hotel,1184.43,773.93,544.23,324.89,134.51
SYD,1,9960,3,North America,peak,business,resort,4127.45,2090.32,1670.1,1352.18,719.95
PAR,8,1515,4,Europe,off_peak,leisure,apartment,595.41,346.67,304.52,221.73,46.68
BKK,5,9775,2,North America,peak,romantic,hostel,3048.04,2477.03,1917.01,1620.49,712.43
TYO,3,8484,4,Europe,shoulder,romantic,hotel,2838.27,1869.45,1825.63,1610.76,339.89
LAX,11,906,5,Asia,shoulder,adventure,hotel,368.35,216.68,151.34,141.87,27.76
TYO,7,7884,4,Oceania,peak,business,airbnb,2655.69,1892.51,1272.4,1406.7,656.7
LAS,7,6549,5,Oceania,off_peak,romantic,hostel,2039.52,1619.46,1163.48,1343.9,382.63
BKK,9,6669,1,Middle East,peak,family,hostel,2274.36,1445.78,1218.44,1176.21,554.21
PAR,7,8482,1,North America,peak,family,resort,3079.79,2452.31,1752.33,895.99,301.57
LAS,13,1485,5,Middle East,peak,family,hotel,472.58,433.82,349.03,148.93,80.65
LON,11,4985,5,Asia,shoulder,leisure,resort,1409.06,1496.47,1121.47,576.72,381.28
LON,14,9401,4,Oceania,peak,leisure,hostel,3845.34,1798.83,1876.04,1572.03,308.76
TYO,3,3118,5,Asia,shoulder,family,airbnb,1066.88,583.52,658.31,594.16,215.15
SYD,11,6789,2,Asia,peak,adventure,hotel,2112.49,1280.75,1729.36,1090.74,575.66
NYC,13,7428,1,North America,shoulder,adventure,hostel,1973.07,2131.11,1647.48,1318.44,357.9
SYD,14,5868,1,Asia,peak,leisure,airbnb,2220.95,1196.11,1315.06,651.22,484.66
DXB,13,5121,5,Oceania,peak,family,apartment,1553.73,1476.33,1029.36,632.87,428.71
SYD,1,8066,3,Middle East,off_peak,adventure,hostel,2229.2,2496.2,1648.06,1447.04,245.5
DXB,8,5170,3,Oceania,off_peak,leisure,apartment,1611.03,1576.39,1280.26,543.75,158.57
DXB,12,8158,5,North America,peak,family,resort,2426.79,2582.33,1826.37,1079.7,242.81
PAR,3,1503,2,Oceania,peak,business,apartment,539.67,295.43,335.76,216.26,115.88
BKK,12,8004,3,Europe,peak,family,hostel,3096.8,1893.99,1352.22,1303.31,357.68
PAR,8,2966,5,Middle East,peak,family,apartment,1310.69,502.74,714.7,334.04,103.83
DXB,8,2439,2,Europe,off_peak,romantic,hotel,733.46,775.88,564.55,273.26,91.85
LAS,13,2135,2,Europe,shoulder,romantic,hostel,689.31,467.48,485.84,310.48,181.88
LON,5,8595,4,North America,peak,business,airbnb,3242.39,2154.84,1892.76,969.81,335.21
DXB,13,6765,2,Asia,off_peak,business,apartment,2669.06,1327.15,1002.44,1275.37,490.98
PAR,12,2395,3,Europe,peak,family,hotel,774.96,674.73,419.12,446.63,79.56
LAS,13,7024,3,Oceania,peak,adventure,resort,2308.03,1864.16,1201.72,1071.03,579.06
PAR,1,1573,5,Asia,shoulder,business,resort,586.57,311.63,303.27,281.17,90.36
SYD,13,5684,5,Oceania,peak,family,apartment,2209.0,1390.0,927.05,605.28,552.67
LAX,10,2902,2,Oceania,peak,leisure,resort,1064.71,488.08,673.81,435.22,240.19
TYO,7,5395,1,Asia,shoulder,romantic,airbnb,1453.81,1749.65,1103.77,917.78,169.99
NYC,12,7831,4,Asia,shoulder,adventure,hostel,2554.96,1660.72,1999.17,967.38,648.77
PAR,10,9843,1,Oceania,shoulder,family,hotel,2838.1,2080.54,2018.22,1969.82,936.32
NYC,5,2456,2,North America,shoulder,leisure,apartment,919.53,695.84,330.12,381.96,128.55
MIA,8,7523,2,Middle East,off_peak,romantic,resort,3207.15,1272.15,1760.37,878.86,404.47
PAR,9,4407,1,Middle East,off_peak,leisure,hostel,1264.96,864.24,962.3,899.29,416.21
LAX,11,1307,4,North America,off_peak,family,airbnb,435.73,264.52,277.12,276.24,53.39
NYC,14,8878,1,Asia,peak,business,resort,3652.19,1708.66,2006.67,1147.64,362.83
DXB,7,5327,5,Oceania,shoulder,romantic,resort,1774.2,1237.83,1093.61,1012.96,208.4
PAR,14,5024,3,Middle East,shoulder,leisure,hotel,1430.01,1008.68,1274.44,875.0,435.87
BKK,13,9999,5,Oceania,off_peak,business,airbnb,3642.68,2165.38,1728.72,1673.16,789.07
TYO,7,2784,3,North America,peak,adventure,airbnb,1056.12,802.84,473.38,350.13,101.53
LAX,1,5813,2,Oceania,peak,family,apartment,1648.8,1832.79,897.46,1076.65,357.29
NYC,4,1257,4,North America,peak,family,hotel,454.33,246.16,287.72,194.32,74.47
LAX,2,5387,1,Asia,off_peak,romantic,apartment,1856.41,1000.81,1237.59,804.65,487.54
LAS,2,4354,4,North America,peak,leisure,hotel,1660.74,910.6,912.67,529.59,340.4
TYO,2,4058,1,North America,peak,adventure,airbnb,1253.14,892.4,863.59,877.41,171.46
DXB,4,1461,5,Middle East,peak,romantic,hotel,463.96,357.68,243.45,284.26,111.64
PAR,14,4347,5,Oceania,shoulder,romantic,hotel,1844.23,669.74,759.49,742.28,331.26
PAR,1,7226,1,Middle East,off_peak,leisure,hotel,2200.24,1983.07,1690.09,761.42,591.18
PAR,4,4075,4,Europe,shoulder,adventure,hostel,1217.65,1376.33,826.12,418.85,236.06
TYO,2,9567,1,North America,shoulder,leisure,hostel,3691.25,2465.55,1499.34,1311.8,599.05
BKK,5,2918,2,Europe,off_peak,family,airbnb,896.21,653.73,722.04,493.64,152.39
MIA,3,4698,5,Middle East,shoulder,business,hotel,1859.08,1138.79,831.79,533.86,334.48
LON,12,1501,2,Oceania,peak,family,airbnb,526.74,390.22,236.44,219.26,128.34
SYD,8,5744,5,Middle East,peak,family,hostel,2034.05,1218.98,1441.4,746.59,302.99
NYC,4,7619,5,Oceania,peak,romantic,hotel,2387.12,1798.99,1688.16,940.39,804.34
BKK,1,4566,3,Oceania,peak,family,apartment,1556.59,1180.98,825.78,736.88,265.77
DXB,1,3345,2,Asia,off_peak,adventure,hostel,1152.4,900.35,622.19,427.24,242.82
NYC,12,9349,2,North America,shoulder,family,hostel,3535.08,1745.99,1637.89,1974.56,455.49
PAR,10,5816,3,Middle East,shoulder,adventure,hostel,2374.07,1145.37,1109.39,950.9,236.27
LAX,3,922,4,Oceania,peak,leisure,hotel,338.14,245.0,173.82,133.22,31.82
DXB,9,7215,2,Middle East,peak,romantic,resort,2572.95,1276.7,1379.5,1450.05,535.8
NYC,7,4766,1,Middle East,shoulder,adventure,apartment,1766.76,1173.78,751.07,706.99,367.4
PAR,2,8049,3,Oceania,off_peak,family,apartment,2319.93,2618.2,1717.21,839.04,554.62
NYC,13,6816,2,Europe,shoulder,romantic,airbnb,2159.41,1373.12,1490.14,1246.24,547.08
LAX,9,3210,4,North America,peak,romantic,hotel,1154.7,913.49,664.32,306.92,170.57
PAR,10,9144,2,North America,peak,adventure,hostel,2436.44,2448.47,2362.07,1168.35,728.67
MIA,2,8569,5,Asia,off_peak,adventure,resort,3512.95,1688.17,1611.97,1355.59,400.32
BKK,3,2157,1,Asia,shoulder,business,hotel,795.21,535.0,437.52,245.82,143.46
LAS,11,3041,3,Asia,off_peak,business,hotel,763.41,958.49,541.43,545.28,232.39
SYD,13,7263,5,North America,off_peak,romantic,resort,3046.63,1608.63,1305.4,1062.86,239.48
TYO,10,3575,4,Europe,peak,business,hostel,1382.31,724.7,793.07,561.35,113.57
SYD,14,3664,5,North America,shoulder,family,hotel,1427.83,763.06,651.7,469.63,351.78
DXB,2,2553,5,North America,peak,leisure,apartment,877.06,711.42,446.29,381.64,136.59
SYD,3,8979,4,North America,shoulder,romantic,apartment,3079.96,1954.39,1871.15,1627.11,446.4
PAR,6,6237,5,North America,peak,leisure,resort,2890.37,1141.06,1291.73,707.79,206.05
MIA,9,3717,3,Europe,peak,business,hostel,1303.87,936.42,658.38,559.67,258.65
LAS,9,1947,2,Asia,shoulder,adventure,resort,655.18,551.61,326.48,268.11,145.63
BKK,7,6509,5,Middle East,shoulder,romantic,hotel,1750.56,2109.71,1086.45,1222.65,339.63
BKK,12,1107,3,Asia,peak,business,apartment,383.5,200.4,290.15,142.83,90.12
LAX,3,5052,2,Asia,shoulder,family,airbnb,1889.93,1028.95,1240.18,530.95,361.98
TYO,4,2264,2,Middle East,peak,romantic,resort,799.76,460.32,384.62,401.63,217.66
NYC,6,9917,5,North America,shoulder,romantic,airbnb,3073.65,2137.29,2814.61,1149.07,742.38
MIA,11,9927,3,Europe,peak,adventure,airbnb,3410.38,1956.42,2088.41,1877.85,593.93
NYC,5,9721,5,Europe,peak,romantic,apartment,3655.87,2552.67,1803.73,959.77,748.96
LAS,2,3171,4,Asia,peak,adventure,resort,986.54,595.92,748.58,542.27,297.69
SYD,13,7019,2,Middle East,off_peak,business,airbnb,1881.89,1981.31,1316.71,1237.86,601.23
BKK,6,4462,5,Oceania,shoulder,family,hotel,1711.84,1310.48,580.5,670.38,188.8
LAS,3,3677,2,North America,peak,family,hostel,1273.22,1127.06,501.26,510.25,265.21
SYD,14,4222,3,Asia,off_peak,romantic,hostel,1516.48,983.63,786.98,551.73,383.18
BKK,8,5406,1,Europe,peak,romantic,apartment,1925.25,855.64,1354.45,908.24,362.42
SYD,2,7763,5,Middle East,off_peak,business,resort,2316.44,2142.06,1417.93,1294.96,591.61
TYO,1,5554,5,Middle East,peak,adventure,resort,1440.7,1780.31,1065.96,747.28,519.75
MIA,9,1308,2,Asia,peak,family,hostel,415.35,361.96,265.11,143.33,122.25
DXB,14,9670,3,Oceania,off_peak,adventure,hotel,3168.61,2116.81,2237.05,1413.85,733.68
LAS,12,1225,4,Europe,off_peak,business,hostel,522.49,245.64,208.06,133.16,115.65
LAS,3,8201,3,Asia,shoulder,family,hostel,2680.66,1955.01,1650.32,1205.61,709.4
LON,11,1716,5,Oceania,shoulder,family,resort,697.28,341.49,301.75,280.16,95.32
PAR,1,4551,4,Middle East,off_peak,leisure,airbnb,1756.52,1011.61,745.76,795.74,241.37
TYO,7,2697,3,North America,shoulder,business,hotel,827.75,518.44,697.21,489.83,163.76
TYO,13,3306,1,Europe,off_peak,business,resort,1233.59,770.45,539.87,517.88,244.22
NYC,10,9470,2,Europe,shoulder,leisure,hostel,3551.77,1613.69,1600.2,1815.03,889.31
SYD,5,1472,3,Oceania,peak,adventure,airbnb,491.23,404.82,282.71,241.62,51.62
PAR,5,6134,3,Asia,shoulder,leisure,hotel,1976.48,1465.23,1084.74,1041.12,566.43
MIA,14,7983,1,Middle East,peak,business,apartment,2420.17,2462.47,1467.96,1108.21,524.18
MIA,1,2623,5,Oceania,peak,adventure,hotel,792.67,591.69,535.97,506.92,195.75
TYO,9,9290,2,North America,shoulder,family,hotel,3058.01,1468.95,2396.84,1441.95,924.24
MIA,7,724,3,North America,off_peak,leisure,hostel,245.06,184.61,150.63,89.96,53.75
LON,8,9532,4,North America,peak,adventure,hostel,3181.11,2546.76,2091.0,1060.1,653.02
LAS,9,2314,3,Oceania,peak,adventure,apartment,728.61,476.81,608.41,299.63,200.53
LAX,6,1606,2,Middle East,shoulder,adventure,apartment,536.47,384.68,297.36,227.85,159.64
DXB,12,624,3,Europe,off_peak,leisure,apartment,208.47,187.6,85.46,98.91,43.56
NYC,5,3746,1,Asia,off_peak,family,resort,1084.45,1061.68,795.47,523.73,280.66
SYD,6,3431,3,Europe,shoulder,adventure,resort,1163.86,745.57,675.31,650.8,195.47
DXB,11,3471,3,Middle East,off_peak,leisure,hostel,1111.78,913.26,757.35,583.1,105.5
SYD,2,2517,4,Europe,shoulder,business,hostel,913.72,566.2,477.3,368.25,191.52
BKK,4,7915,1,Oceania,shoulder,leisure,apartment,3053.7,2048.57,1514.07,1007.79,290.88
DXB,3,2915,1,North America,shoulder,leisure,resort,1169.91,641.93,547.25,463.78,92.14
LAX,13,3596,3,Middle East,peak,leisure,airbnb,1343.44,987.32,725.78,326.12,213.34
TYO,7,2109,4,Middle East,peak,adventure,resort,589.2,587.67,501.09,253.4,177.63
LON,9,1217,3,Europe,peak,leisure,hostel,396.83,364.61,237.41,155.99,62.16
LAS,5,4061,3,Oceania,shoulder,business,resort,1709.76,957.69,758.65,413.96,220.95
LAS,6,9708,2,Europe,peak,adventure,hostel,3777.18,2718.23,1547.94,1271.03,393.62
LON,10,7282,2,Europe,peak,business,apartment,2678.66,1638.29,1369.8,1041.35,553.9
PAR,14,1548,4,Middle East,peak,romantic,apartment,625.98,222.7,352.27,266.2,80.84
BKK,12,8807,5,Europe,shoulder,leisure,apartment,3220.45,2293.83,1769.2,941.79,581.73
SYD,12,8405,2,North America,shoulder,adventure,airbnb,2038.75,2553.74,1958.21,1327.92,526.39
LAX,2,6078,5,Europe,shoulder,adventure,airbnb,2320.61,1264.25,1248.78,1009.52,234.84
MIA,3,2120,1,North America,peak,leisure,hostel,586.35,618.44,407.43,398.45,109.33
DXB,3,7048,2,Middle East,off_peak,family,hotel,1840.07,1993.04,1554.88,1105.94,554.07
BKK,12,7881,2,Oceania,peak,family,airbnb,2854.98,2322.02,1242.54,1101.27,360.2
DXB,12,5280,4,North America,peak,business,hostel,1613.35,1176.65,1011.13,1179.61,299.27
LAX,9,4292,5,Oceania,shoulder,leisure,resort,1260.82,1349.29,816.92,605.09,259.88
NYC,7,3441,2,Oceania,shoulder,leisure,apartment,1198.73,774.37,642.45,676.84,148.6
NYC,8,6195,2,North America,peak,romantic,apartment,1840.19,1699.59,1185.37,913.97,555.88
BKK,11,6901,4,Middle East,peak,family,apartment,2549.81,1823.95,1027.04,1172.1,328.09
TYO,10,9669,4,Asia,off_peak,family,hostel,2922.56,2573.33,2291.48,1115.49,766.13
LAX,11,6697,5,Oceania,off_peak,leisure,apartment,2709.06,1300.23,1409.18,899.5,379.03
LAX,9,5950,1,Oceania,shoulder,business,airbnb,1738.84,1561.16,1056.95,1039.85,553.2
LON,6,9475,1,Middle East,off_peak,leisure,resort,4157.66,1737.45,1440.56,1368.52,770.82
TYO,4,8932,3,Middle East,off_peak,business,apartment,3458.14,2380.65,1615.04,796.71,681.46
SYD,12,6374,2,Europe,shoulder,family,hostel,2073.99,1170.74,1707.82,1138.07,283.37
SYD,1,2053,5,Middle East,off_peak,romantic,resort,724.81,370.06,473.45,283.99,200.69
MIA,8,1512,2,Oceania,peak,adventure,apartment,521.8,403.94,253.72,206.99,125.56
LAS,7,8878,5,North America,off_peak,family,hotel,3409.04,1703.99,1719.59,1559.72,485.66
NYC,2,2381,5,Asia,shoulder,business,apartment,750.23,640.77,569.44,273.09,147.47
SYD,8,7299,5,Europe,peak,leisure,airbnb,2495.8,2286.83,1282.24,781.33,452.79
TYO,12,5086,2,North America,off_peak,family,resort,1579.22,992.09,1074.79,985.06,454.85
LAX,5,9122,4,Asia,peak,romantic,airbnb,2649.92,2804.57,1600.24,1193.98,873.29
SYD,7,8930,2,Asia,peak,business,hotel,3969.22,1687.26,1436.48,1187.54,649.5
LAX,4,6947,5,Asia,off_peak,leisure,hotel,3114.37,1272.22,1402.02,931.1,227.29
SYD,5,2845,3,North America,off_peak,adventure,airbnb,1107.06,849.0,467.39,312.61,108.94
NYC,8,575,1,Europe,shoulder,business,resort,212.75,123.69,124.83,85.95,27.78
DXB,1,6377,5,Europe,shoulder,leisure,hotel,2420.2,1088.88,1390.13,944.19,533.59
SYD,1,7285,3,Asia,peak,adventure,hotel,1865.22,2228.57,1153.18,1449.43,588.6
TYO,4,5422,4,North America,shoulder,leisure,apartment,1626.5,1108.23,1223.1,985.55,478.63
SYD,3,8590,5,Asia,peak,adventure,hostel,3300.2,2515.19,1661.34,824.14,289.14
LAS,13,2830,3,Middle East,peak,adventure,hotel,1058.8,641.65,576.15,343.1,210.3
NYC,10,5186,5,Europe,shoulder,adventure,resort,1633.81,1325.16,1082.79,644.44,499.8
TYO,12,2402,2,Oceania,shoulder,leisure,resort,850.32,774.17,421.98,280.68,74.84
LON,2,5170,3,Asia,shoulder,adventure,apartment,1561.93,1043.1,917.53,1102.34,545.11
TYO,12,7643,2,Middle East,off_peak,business,resort,2855.85,2232.42,1300.29,998.81,255.63
LAS,3,2559,2,Europe,peak,romantic,apartment,654.63,718.67,555.9,421.15,208.65
DXB,11,640,3,North America,peak,romantic,hotel,187.81,149.61,120.52,122.74,59.33
NYC,11,2289,1,Europe,peak,adventure,hotel,890.16,427.62,423.44,328.37,219.41
LON,14,516,3,North America,shoulder,romantic,hotel,159.19,108.67,103.62,107.96,36.57
LAS,11,964,1,North America,shoulder,romantic,hotel,371.61,222.79,165.4,119.78,84.42
LAS,1,4971,5,Asia,shoulder,adventure,hostel,1901.18,1102.55,823.54,801.74,342.0
BKK,1,2327,5,Asia,shoulder,adventure,hostel,630.82,537.9,533.19,384.51,240.59
NYC,6,9211,3,Europe,shoulder,business,hotel,3825.15,1463.71,2011.68,1207.79,702.68
TYO,5,6456,5,Middle East,off_peak,family,resort,2147.87,1441.39,1353.3,982.75,530.69
LAX,8,589,4,Europe,shoulder,leisure,apartment,182.1,130.56,126.14,116.9,33.3
DXB,2,5315,2,Oceania,peak,adventure,airbnb,1418.2,1322.64,1130.28,995.94,447.94
LAX,4,3351,2,North America,shoulder,adventure,apartment,1268.03,877.56,514.91,469.9,220.6
TYO,8,3343,1,North America,peak,romantic,airbnb,1528.6,604.32,575.03,392.86,242.19
TYO,12,9617,5,Asia,shoulder,business,airbnb,2661.38,2701.16,2212.96,1376.31,665.18
NYC,6,7043,1,Middle East,shoulder,romantic,hotel,2850.5,1739.21,1125.99,885.18,442.12
TYO,1,6401,2,Asia,peak,adventure,airbnb,1755.14,1702.2,1561.16,1032.26,350.23
BKK,4,1469,2,Oceania,peak,adventure,hotel,425.64,452.52,319.08,198.1,73.65
LON,1,1594,5,Europe,peak,romantic,hostel,652.16,354.11,269.35,217.91,100.46
TYO,13,6624,4,Europe,peak,adventure,resort,2263.36,1453.59,1132.23,1225.97,548.86
LAX,2,7847,4,Middle East,off_peak,family,airbnb,2338.15,2753.78,1552.43,833.69,368.96
TYO,5,3695,5,Asia,peak,leisure,resort,1491.59,730.89,596.74,621.23,254.55
BKK,14,1904,5,Asia,shoulder,leisure,hotel,701.88,531.36,429.22,184.43,57.11
SYD,8,7440,1,Oceania,shoulder,leisure,airbnb,3047.15,1899.83,1508.71,746.72,237.59
SYD,8,4790,5,Europe,off_peak,family,apartment,1513.84,1263.66,864.22,776.28,371.99
LAS,11,4482,4,Asia,peak,adventure,hostel,1484.27,1025.95,1113.03,625.21,233.54
DXB,3,6055,5,Middle East,shoulder,romantic,hostel,1891.51,1505.76,1413.62,722.94,521.18
MIA,11,8454,1,Europe,off_peak,business,airbnb,3307.99,2202.35,1212.94,1131.96,598.76
LON,13,5213,1,Oceania,shoulder,adventure,hostel,1889.62,1443.01,803.71,685.1,391.56
PAR,4,3592,1,Middle East,off_peak,family,apartment,1471.35,869.23,622.62,401.98,226.81
LAS,10,4659,1,North America,off_peak,family,resort,1563.83,1363.22,936.08,477.29,318.59
DXB,11,6808,3,Oceania,peak,leisure,apartment,2128.1,1982.05,1497.32,879.69,320.83
SYD,14,7978,5,Middle East,off_peak,adventure,hostel,2673.9,1580.99,2328.86,1036.68,357.58
LAX,6,8976,2,Asia,shoulder,leisure,resort,2651.93,2916.98,1632.41,1061.41,713.27
PAR,11,5433,5,North America,shoulder,business,apartment,1753.48,1210.69,1251.06,699.38,518.38
DXB,11,5426,3,Oceania,peak,leisure,hotel,1872.28,1331.1,912.02,948.37,362.24
DXB,10,9879,1,Asia,peak,business,hotel,2945.18,2003.87,2062.18,1864.57,1003.2
LAS,3,4469,3,North America,off_peak,family,resort,1590.9,1044.37,727.79,695.42,410.54
PAR,2,3465,4,Europe,peak,leisure,resort,1352.04,714.42,627.9,497.06,273.59
NYC,6,4819,4,Asia,shoulder,leisure,resort,1974.8,943.14,811.47,665.75,423.84
MIA,11,9475,5,Middle East,shoulder,romantic,hotel,3413.7,1990.54,1700.79,1490.01,879.96
NYC,13,7608,5,Oceania,peak,family,apartment,2444.21,2002.06,1667.43,1150.05,344.25
PAR,5,9641,2,North America,peak,romantic,resort,3537.33,2142.6,1815.4,1332.39,813.28
NYC,14,4439,2,Asia,peak,business,hotel,1598.4,1100.66,871.25,637.76,230.93
BKK,10,544,4,Europe,off_peak,business,resort,216.74,157.49,88.26,63.41,18.1
SYD,5,2310,1,Oceania,off_peak,family,resort,888.81,468.74,433.03,397.05,122.36
BKK,10,5066,3,Oceania,shoulder,business,resort,1951.08,1119.58,1043.87,678.79,272.68
TYO,13,9521,2,Asia,off_peak,family,hotel,4002.9,2433.76,1667.99,1123.51,292.83
NYC,5,2409,2,Europe,off_peak,business,apartment,906.08,519.67,537.48,315.8,129.97
TYO,10,6864,1,North America,off_peak,adventure,hotel,2536.85,1549.56,1490.78,993.98,292.83
LAX,12,3081,1,Asia,off_peak,leisure,hotel,1255.68,520.7,625.81,417.1,261.71
LON,5,1191,5,North America,shoulder,adventure,resort,411.68,308.93,271.97,149.0,49.42
LAX,3,1431,3,Oceania,peak,family,airbnb,512.21,319.03,265.25,189.34,145.16
PAR,7,8410,1,North America,shoulder,family,airbnb,3152.61,2012.44,1964.04,839.43,441.47
DXB,6,6882,2,Europe,off_peak,adventure,airbnb,2429.08,1614.74,1453.71,1139.05,245.42
SYD,4,3906,2,Middle East,peak,leisure,hotel,1444.51,1102.27,609.02,644.53,105.67
NYC,2,8839,4,Europe,peak,leisure,resort,3527.67,1876.03,1504.17,1456.24,474.89
LAS,12,1532,1,North America,peak,romantic,airbnb,575.3,387.16,284.01,177.35,108.18
LON,9,1811,5,Asia,shoulder,business,hostel,681.38,442.4,345.82,247.72,93.69
MIA,1,9079,3,Oceania,peak,romantic,hostel,2769.62,2821.66,1824.56,1160.23,502.93
MIA,13,3621,5,Middle East,shoulder,leisure,hostel,1206.69,971.98,677.94,581.47,182.92
MIA,13,2373,2,Asia,shoulder,adventure,apartment,732.23,711.69,403.21,433.09,92.76
NYC,11,9607,5,Asia,off_peak,business,resort,2906.27,2364.64,2238.04,1686.83,411.22
MIA,14,7281,2,Europe,off_peak,adventure,hotel,2283.18,2035.27,1378.46,1092.17,491.91
BKK,4,4248,2,North America,peak,romantic,hotel,1720.0,933.61,775.55,652.17,166.67
LON,1,777,2,Europe,peak,family,resort,281.15,251.54,128.09,88.04,28.18
BKK,13,2359,2,North America,off_peak,adventure,apartment,967.61,383.15,572.73,313.25,122.26
DXB,6,6429,2,Europe,shoulder,romantic,resort,1825.09,1816.95,1418.77,1016.05,352.14
LON,4,7292,4,Asia,shoulder,romantic,apartment,2506.15,1657.53,1491.19,1038.79,598.34
BKK,5,5213,5,Oceania,off_peak,romantic,airbnb,1815.49,1292.91,1136.58,589.57,378.45
LON,5,5175,4,North America,shoulder,family,airbnb,1740.27,931.67,1393.2,764.16,345.7
DXB,9,1670,4,Middle East,off_peak,family,apartment,674.11,297.5,381.35,201.46,115.58
TYO,1,9181,1,Middle East,off_peak,family,resort,3106.13,2655.75,1691.03,1165.98,562.11
NYC,13,9874,1,Asia,peak,business,airbnb,2932.15,2905.88,1703.14,1572.25,760.58
NYC,2,5808,1,Europe,peak,family,resort,2365.74,1321.49,1252.65,642.77,225.35
MIA,13,2962,3,Europe,off_peak,family,airbnb,989.38,750.53,594.35,486.57,141.16
LAX,6,787,1,Asia,peak,family,resort,319.31,159.97,146.56,91.0,70.16
MIA,5,6453,5,Middle East,off_peak,adventure,resort,2316.95,1303.12,1355.78,892.92,584.22
PAR,11,4782,4,Middle East,shoulder,family,hostel,1797.22,788.18,1255.88,542.91,397.81
BKK,7,2407,5,Europe,shoulder,business,apartment,848.18,502.36,547.05,282.99,226.41
LON,3,1661,1,North America,shoulder,romantic,hotel,554.59,410.76,394.08,184.98,116.59
LAX,3,629,3,Oceania,shoulder,adventure,apartment,231.48,154.42,101.9,89.62,51.58
DXB,10,6837,3,North America,off_peak,leisure,resort,1999.46,1782.53,1206.19,1289.27,559.55
PAR,2,2863,4,Middle East,shoulder,family,resort,1090.19,899.87,460.38,278.71,133.85
DXB,13,8651,5,North America,shoulder,romantic,apartment,2762.84,2303.84,1924.7,1130.68,528.94
NYC,3,6483,2,Oceania,shoulder,romantic,resort,2656.94,1273.12,1120.7,1037.23,395.02
NYC,10,643,5,North America,shoulder,adventure,airbnb,262.01,131.91,134.62,94.32,20.15
MIA,1,8707,1,North America,off_peak,leisure,resort,2815.61,2011.2,1733.56,1402.52,744.1
BKK,5,7969,2,North America,shoulder,business,apartment,2898.69,2093.42,1265.67,1252.07,459.15
LAX,14,744,3,North America,peak,romantic,apartment,267.38,206.4,140.84,105.75,23.62
SYD,12,1426,4,Asia,peak,romantic,apartment,376.03,448.2,271.46,204.45,125.86
PAR,5,3678,4,Middle East,peak,romantic,hostel,1510.03,749.93,690.3,406.02,321.73
PAR,12,2676,3,Oceania,peak,romantic,hostel,876.2,858.21,558.86,278.46,104.27
MIA,11,5502,1,Middle East,peak,adventure,hostel,1761.23,1683.96,878.37,917.74,260.7
NYC,7,1386,3,Asia,peak,leisure,hostel,426.4,463.29,217.04,232.96,46.32
MIA,4,9032,1,Asia,off_peak,romantic,hostel,3299.65,2541.24,1925.44,954.2,311.46
LON,3,3898,2,Asia,peak,business,hostel,1428.22,832.1,857.77,616.46,163.46
LAX,1,8997,3,Asia,shoulder,business,hostel,3117.73,2435.2,1930.13,1093.59,420.35
BKK,12,9599,1,North America,peak,family,apartment,3106.29,2004.86,1961.06,2134.18,392.61
TYO,8,3154,2,Middle East,off_peak,romantic,hotel,1159.33,642.11,681.16,419.53,251.86
LAS,13,7892,3,Europe,peak,romantic,hostel,2929.52,1603.35,1453.01,1410.76,495.37
LAS,3,1871,4,Oceania,shoulder,romantic,apartment,471.4,602.77,343.75,287.1,165.98
MIA,13,7635,3,Asia,shoulder,romantic,hotel,2302.04,2188.48,1682.3,817.94,644.25
LON,2,820,5,Middle East,off_peak,romantic,hostel,229.76,171.94,193.58,159.4,65.32
LAX,11,5154,3,Asia,off_peak,business,hotel,1454.13,1366.3,1112.28,687.91,533.38
SYD,4,5800,5,Asia,off_peak,leisure,hotel,2074.77,1256.48,1053.42,901.87,513.47
LAS,3,7261,2,Asia,off_peak,leisure,airbnb,2179.77,2235.87,1203.17,1059.76,582.43
LAX,13,7354,3,Asia,peak,family,resort,2033.68,1978.68,1687.47,1171.16,483.0
BKK,1,6005,2,Asia,peak,business,airbnb,2204.57,1832.05,887.46,892.76,188.15
DXB,3,9823,2,Oceania,shoulder,romantic,hotel,2773.37,2211.29,2650.28,1664.87,523.2
LON,12,7053,1,Middle East,off_peak,leisure,apartment,1916.7,2315.4,1290.91,905.75,624.24
NYC,2,4542,2,Asia,off_peak,adventure,hostel,1631.25,808.09,845.14,848.1,409.41
LAX,8,9509,2,Asia,peak,adventure,resort,2888.79,2229.03,1810.31,1678.22,902.66
BKK,6,7998,3,Asia,off_peak,adventure,hostel,2254.1,2199.34,1581.48,1260.27,702.81
SYD,9,7136,3,Asia,shoulder,romantic,apartment,2399.66,1565.61,1564.69,1295.08,310.96
TYO,8,7862,4,North America,shoulder,romantic,resort,3485.51,1342.89,1252.04,962.83,818.74
NYC,10,511,1,North America,off_peak,family,airbnb,176.51,79.28,124.26,86.83,44.12
TYO,3,694,2,Europe,shoulder,family,hotel,221.42,129.48,152.5,134.11,56.49
SYD,5,3037,1,Asia,shoulder,family,apartment,1063.9,852.39,488.39,469.86,162.46
BKK,7,3342,5,Europe,peak,adventure,hotel,955.54,689.38,830.46,686.35,180.27
LAS,5,2729,2,Oceania,shoulder,romantic,hotel,824.43,444.58,700.5,481.9,277.58
TYO,8,3509,1,Europe,off_peak,adventure,hostel,1507.75,777.8,575.14,534.62,113.68
NYC,12,8484,4,Middle East,off_peak,family,apartment,2652.89,1863.64,2051.99,1430.64,484.84
MIA,5,2577,4,North America,shoulder,romantic,hotel,954.49,460.32,593.21,450.23,118.75
PAR,1,8345,2,North America,off_peak,business,airbnb,3080.45,2079.7,1294.99,1060.47,829.39
LAX,5,4367,5,Asia,peak,leisure,resort,1261.38,1174.34,1097.94,607.85,225.49
LAS,4,5373,4,Asia,shoulder,leisure,apartment,2065.99,1017.97,1038.16,839.75,411.13
TYO,6,9135,4,Oceania,shoulder,family,hostel,3259.45,2255.28,1566.02,1376.13,678.11
DXB,3,797,5,Oceania,shoulder,adventure,apartment,314.81,216.16,120.01,121.06,24.96
LAX,11,6356,1,Middle East,off_peak,business,hostel,2107.98,1164.0,1646.86,899.91,537.26
MIA,5,9536,4,Asia,off_peak,romantic,resort,3474.63,1635.92,1966.27,1584.41,874.76
SYD,2,1515,3,Asia,shoulder,adventure,airbnb,476.14,377.15,395.38,186.54,79.8
PAR,11,1884,4,Oceania,off_peak,family,hotel,545.9,527.56,331.92,297.28,181.34
BKK,6,9245,1,Oceania,off_peak,adventure,apartment,3880.25,2056.5,1872.86,1140.08,295.31
MIA,13,2850,1,Oceania,shoulder,family,hostel,852.89,620.07,571.75,538.43,266.85
MIA,12,1769,2,North America,shoulder,leisure,resort,522.29,539.92,305.11,326.03,75.65
SYD,6,1760,3,Europe,off_peak,leisure,hotel,662.44,486.89,229.57,268.75,112.37
LON,5,8201,1,Europe,shoulder,adventure,resort,2580.02,1999.48,1609.95,1392.81,618.74
SYD,6,8876,5,Asia,shoulder,business,airbnb,2953.89,2548.1,2012.21,1052.0,309.81
LON,11,5063,3,North America,shoulder,romantic,hotel,1855.71,1618.91,757.06,670.43,160.89
LON,7,7397,3,Oceania,shoulder,family,hotel,2541.93,2130.73,1253.69,884.0,586.65
LAS,12,6172,5,Asia,off_peak,romantic,hotel,1678.9,1992.25,1148.15,946.26,406.44
LAS,5,6093,4,North America,shoulder,leisure,hostel,1921.72,1742.67,1262.17,942.92,223.52
NYC,1,6655,5,Middle East,peak,business,hotel,1997.17,1561.18,1516.92,959.08,620.65
TYO,8,6043,5,North America,shoulder,business,resort,2170.91,1310.59,1155.26,971.45,434.8
TYO,4,7740,4,Asia,peak,romantic,hostel,2765.73,2313.54,1147.72,1185.55,327.47
BKK,9,5183,4,Europe,shoulder,leisure,hotel,1420.06,1707.81,1112.11,646.35,296.65
TYO,14,2381,4,Oceania,peak,romantic,resort,903.02,654.81,307.79,402.06,113.31
LAS,10,9213,4,Middle East,peak,adventure,resort,3087.5,2321.36,1913.74,1495.85,394.55
NYC,12,4309,4,North America,shoulder,business,apartment,1594.83,963.28,853.0,654.71,243.17
NYC,6,6307,5,Asia,shoulder,business,resort,2203.35,1232.03,1354.78,1130.64,386.2
LON,1,5383,2,Asia,shoulder,adventure,airbnb,2382.13,863.19,1117.0,846.7,173.98
SYD,3,7706,2,Oceania,peak,leisure,hotel,2199.59,2469.54,1524.88,1071.31,440.68
BKK,3,4655,1,Asia,off_peak,business,hotel,1834.55,958.41,1012.08,561.64,288.31
LON,10,5173,2,Asia,off_peak,family,hotel,1438.89,1625.97,1154.14,789.79,164.21
SYD,12,1909,2,Oceania,shoulder,family,resort,659.58,371.53,364.48,353.63,159.77
TYO,12,5697,5,Middle East,off_peak,leisure,resort,1537.45,1787.86,1238.25,787.65,345.79
LON,4,7952,4,Europe,off_peak,adventure,hotel,3021.02,1946.56,1430.06,1228.16,326.2
LAX,6,9218,4,Europe,shoulder,romantic,hostel,3726.49,2243.58,1841.47,954.17,452.3
TYO,7,2672,5,North America,peak,leisure,hostel,926.69,643.26,629.57,354.35,118.13
SYD,10,779,2,Middle East,shoulder,romantic,airbnb,286.62,213.49,126.81,78.39,73.69
BKK,4,4477,5,North America,off_peak,leisure,apartment,1198.08,1484.82,855.65,744.75,193.7
SYD,6,3169,1,Europe,peak,family,airbnb,1311.95,588.44,596.7,391.59,280.32
LON,11,8325,4,Oceania,off_peak,adventure,hotel,3203.89,1705.07,1373.27,1347.58,695.2
LON,1,4481,3,Asia,peak,family,hotel,1589.9,1423.09,798.78,488.62,180.6
MIA,14,5269,1,Europe,off_peak,adventure,hotel,2069.75,1247.92,892.83,696.57,361.93
BKK,8,5747,1,Middle East,shoulder,romantic,apartment,1870.59,1027.66,1648.54,889.88,310.33
DXB,7,4927,5,Europe,off_peak,leisure,resort,1685.17,1386.73,922.07,542.48,390.55
TYO,11,6635,2,Middle East,off_peak,business,apartment,2267.11,1456.77,1355.25,1095.04,460.83
NYC,11,6073,4,Middle East,peak,business,airbnb,2273.8,1443.77,1246.04,831.34,278.05
BKK,9,4631,3,Middle East,off_peak,adventure,resort,1738.25,815.67,843.71,861.29,372.09
NYC,3,7689,1,North America,shoulder,adventure,resort,2398.16,2011.31,1389.94,1570.95,318.64
BKK,2,5035,3,Oceania,shoulder,family,airbnb,1851.6,1319.49,959.12,621.45,283.33
BKK,1,3276,2,Europe,shoulder,business,resort,1169.04,859.3,636.37,497.38,113.9
SYD,3,9811,2,Oceania,peak,family,hostel,2482.41,2965.24,2150.26,1546.86,666.22
BKK,5,8197,3,Asia,peak,romantic,airbnb,2686.02,1618.19,1800.51,1589.01,503.27
MIA,14,8886,4,Europe,off_peak,business,airbnb,3005.73,1975.31,1474.31,1471.03,959.62
DXB,11,1162,2,Oceania,off_peak,romantic,hostel,399.26,318.49,205.03,143.2,96.02
LON,2,9171,3,Oceania,off_peak,leisure,apartment,2836.92,2786.22,1890.41,1112.41,545.05
PAR,12,8544,1,Asia,peak,family,apartment,2904.96,1575.23,1650.17,1678.79,734.84
NYC,3,4718,3,Middle East,peak,adventure,apartment,1521.18,1113.23,1053.78,705.1,324.7
LON,4,5560,3,Europe,off_peak,business,resort,2146.69,1341.29,931.64,837.76,302.63
PAR,7,6374,5,Europe,peak,family,hostel,1988.56,1391.47,1251.29,1217.49,525.19
DXB,13,6081,2,Asia,peak,adventure,airbnb,2334.89,1486.8,914.19,816.01,529.12
DXB,3,2514,4,Middle East,shoulder,leisure,airbnb,786.64,630.89,409.3,459.99,227.18
NYC,9,4289,4,Europe,shoulder,business,airbnb,1282.27,1353.99,723.42,734.12,195.2
NYC,8,9603,5,Europe,off_peak,romantic,resort,3003.8,1623.0,2626.58,1968.44,381.19
DXB,4,7648,4,Europe,off_peak,leisure,resort,2921.49,1552.7,1393.32,1480.33,300.17
PAR,13,8266,3,Middle East,shoulder,adventure,apartment,3028.61,1883.19,1382.88,1187.5,783.81
BKK,1,2864,5,Asia,peak,business,resort,1096.99,476.31,634.3,523.07,133.34
TYO,1,4129,1,Europe,off_peak,business,apartment,1464.58,810.54,853.24,773.79,226.85
LAX,1,6419,2,Oceania,off_peak,leisure,apartment,1795.0,1554.66,1394.76,1118.53,556.05
LON,1,6175,2,Middle East,off_peak,business,airbnb,1736.52,1614.69,1169.14,1289.34,365.32
SYD,8,9372,2,North America,peak,adventure,resort,3170.32,1858.56,2072.74,1384.11,886.27
LON,3,7138,3,Asia,shoulder,leisure,apartment,2796.19,1416.87,1385.31,1153.64,385.99
SYD,6,5151,1,Oceania,off_peak,romantic,hostel,1480.57,1101.37,1340.21,1026.07,202.78
PAR,3,1109,5,Europe,shoulder,leisure,hostel,321.15,331.0,216.34,191.73,48.78
SYD,11,8440,5,North America,shoulder,leisure,resort,3347.37,2330.58,1289.78,1184.16,288.1
NYC,5,4366,2,Asia,peak,romantic,airbnb,1407.06,1230.84,799.01,723.32,205.78
TYO,13,871,1,Middle East,peak,adventure,airbnb,338.57,190.58,196.7,97.62,47.52
TYO,14,7498,1,North America,peak,family,apartment,2533.32,1735.03,1428.63,1067.77,733.25
NYC,13,1115,1,North America,peak,family,resort,317.61,334.23,225.78,155.56,81.81
MIA,7,7411,4,Oceania,peak,romantic,hostel,2871.98,1661.1,1614.35,746.69,516.88
PAR,2,6510,4,Asia,peak,adventure,apartment,2156.63,1548.45,1410.59,1007.98,386.35
MIA,6,2753,2,Oceania,off_peak,business,apartment,891.38,782.7,573.61,378.48,126.84
MIA,13,5442,1,Oceania,shoulder,romantic,hotel,2080.44,1592.56,880.58,648.26,240.16
LON,6,1364,1,Europe,peak,family,resort,526.96,376.26,194.36,226.21,40.21
DXB,11,1768,5,Middle East,off_peak,adventure,apartment,478.41,531.17,376.24,283.48,98.71
LON,3,7954,5,North America,shoulder,leisure,hostel,2384.69,2475.94,1636.73,982.99,473.65
DXB,6,9476,2,Asia,peak,adventure,hotel,3426.52,2658.03,1735.61,1392.6,263.25
LAX,10,5071,1,Middle East,peak,adventure,hostel,1725.44,1338.77,707.24,857.72,441.83
SYD,10,5729,2,Middle East,off_peak,family,airbnb,1578.03,1692.42,1148.31,838.2,472.04
DXB,14,2737,5,Asia,shoulder,family,hotel,810.55,813.32,478.88,471.74,162.5
NYC,5,4554,5,Middle East,peak,business,hotel,1516.8,1255.57,961.77,610.59,209.28
LON,12,1435,4,Europe,shoulder,business,apartment,466.66,375.01,278.97,213.09,101.28
PAR,2,6894,2,Middle East,off_peak,romantic,airbnb,1837.54,2145.86,1590.65,788.12,531.83
SYD,9,8391,2,Europe,peak,leisure,apartment,2545.37,2466.89,1641.15,1458.43,279.16
LAX,8,825,1,North America,shoulder,business,resort,218.42,291.69,133.71,117.3,63.88
DXB,3,8274,1,North America,off_peak,family,hostel,3542.75,1670.83,1271.58,1265.12,523.73
LAX,8,4361,4,Oceania,off_peak,adventure,hostel,1247.83,1301.53,901.4,744.63,165.61
PAR,14,2485,3,Europe,peak,romantic,apartment,831.12,738.14,451.82,250.6,213.31
MIA,9,5432,3,North America,shoulder,business,hostel,1757.77,1571.68,815.15,823.42,463.99
TYO,14,5103,3,Middle East,peak,adventure,hostel,1995.72,1163.22,911.29,725.68,307.09
PAR,3,3278,2,Asia,peak,adventure,resort,1368.24,648.27,560.61,484.11,216.78
LAS,3,9962,2,Asia,shoulder,business,airbnb,3396.07,2635.17,2159.87,1165.2,605.69
PAR,2,9332,5,Europe,shoulder,leisure,hotel,3367.9,1566.0,2166.81,1892.1,339.19
LAX,8,8254,2,Oceania,shoulder,leisure,apartment,2108.17,2485.45,1836.45,1182.21,641.72
NYC,10,4578,2,Middle East,off_peak,romantic,apartment,1989.28,900.9,788.14,535.48,364.2
LON,1,1867,2,Europe,off_peak,leisure,resort,561.03,608.45,387.5,239.25,70.76
NYC,8,4542,4,Asia,shoulder,romantic,resort,1652.54,937.41,1079.03,646.56,226.46
LAX,7,3075,2,Europe,off_peak,family,hotel,1216.66,586.96,682.12,349.44,239.83
LON,14,7254,1,Middle East,peak,business,airbnb,2595.04,1852.46,1591.99,761.28,453.22
LAS,7,2081,1,North America,shoulder,adventure,apartment,690.55,493.15,505.45,232.2,159.65
TYO,3,2486,5,Middle East,peak,romantic,resort,814.71,622.25,557.87,285.39,205.78
SYD,1,2740,4,North America,shoulder,leisure,apartment,771.24,720.41,654.83,348.3,245.23
LAX,4,4466,1,North America,peak,romantic,hostel,1202.05,1314.4,835.24,714.64,399.68
DXB,9,8104,4,North America,shoulder,romantic,apartment,2813.58,1667.62,2007.99,985.36,629.44
LAX,5,8820,4,Europe,peak,leisure,airbnb,3644.17,2388.46,1421.68,966.09,399.6
LAX,1,6468,5,Asia,shoulder,leisure,airbnb,2186.46,1211.06,1530.42,903.83,636.23
LON,5,9543,4,Europe,shoulder,business,apartment,3504.54,2778.22,1502.73,1317.86,439.65
BKK,13,7993,2,Asia,off_peak,adventure,hostel,2500.86,2252.16,1923.42,907.44,409.11
PAR,8,4603,4,Middle East,peak,business,airbnb,1328.21,1413.29,1110.56,492.87,258.06
BKK,8,2576,5,Oceania,off_peak,business,resort,1067.88,540.05,545.82,271.51,150.74
LAS,5,5731,5,Middle East,peak,leisure,apartment,1992.3,1713.18,1016.33,718.26,290.94
DXB,12,3494,5,Europe,off_peak,leisure,hostel,1129.9,1017.46,729.28,331.0,286.36
TYO,9,4244,1,Europe,shoulder,adventure,resort,1312.92,1137.46,1105.6,527.81,160.21
MIA,1,6094,2,Asia,off_peak,romantic,apartment,1846.71,1729.74,1181.52,828.1,507.93
LAS,4,8031,1,Europe,off_peak,business,hostel,3083.47,2348.55,1498.17,779.35,321.46
MIA,3,7871,3,North America,shoulder,adventure,resort,2840.05,2143.87,1763.03,848.74,275.3
MIA,2,2144,2,Europe,off_peak,business,airbnb,636.0,428.09,464.47,452.28,163.17
TYO,8,3644,4,Asia,shoulder,romantic,apartment,1226.42,984.74,544.46,627.97,260.41
NYC,7,742,5,Asia,peak,business,apartment,227.96,221.47,168.12,85.4,39.05
BKK,9,4585,3,North America,off_peak,family,airbnb,1632.51,989.78,867.1,782.43,313.18
LAX,2,8454,2,Asia,shoulder,adventure,hotel,2727.98,2427.93,1537.05,1125.53,635.5
SYD,14,7769,1,Oceania,shoulder,leisure,resort,2936.04,1428.28,1415.51,1352.02,637.16
MIA,14,7630,5,Middle East,off_peak,business,airbnb,3000.12,1846.7,1609.05,707.17,466.95
DXB,4,7328,1,Europe,peak,adventure,apartment,3095.28,1479.62,1180.34,963.25,609.52
LAS,14,8862,2,Oceania,off_peak,adventure,resort,2511.96,2541.4,1539.16,1350.87,918.61
NYC,6,9344,2,Europe,shoulder,business,resort,3187.97,1729.53,2125.69,1740.19,560.61
MIA,11,6831,3,Oceania,peak,leisure,hotel,2277.24,2164.93,1151.33,832.11,405.39
NYC,3,4012,4,Europe,off_peak,leisure,apartment,1467.71,624.7,879.59,830.32,209.69
NYC,8,1999,1,North America,shoulder,business,hostel,792.07,317.8,443.1,304.7,141.33
MIA,3,2658,3,Asia,off_peak,adventure,hotel,977.46,505.08,618.43,423.77,133.26
LON,14,5662,5,Asia,peak,leisure,hotel,2434.8,849.05,1238.86,768.74,370.55
PAR,12,4539,4,North America,peak,business,hostel,1509.89,1049.28,742.04,847.18,390.6
DXB,13,2535,3,Oceania,peak,business,hostel,818.11,699.37,515.79,334.32,167.41
LAX,13,8477,1,Middle East,peak,business,hotel,2196.92,2781.16,2017.84,888.74,592.33
LAX,2,1357,2,Oceania,peak,adventure,resort,590.69,255.1,253.71,182.28,75.21
DXB,13,4323,5,Asia,off_peak,leisure,airbnb,1262.25,1005.41,876.84,911.53,266.97
LON,13,7270,1,Middle East,peak,adventure,airbnb,2432.48,1620.59,1161.39,1426.31,629.24
LAX,3,9741,4,Europe,peak,family,hotel,3543.84,2426.71,2126.45,1312.36,331.64
NYC,11,798,4,Middle East,shoulder,leisure,resort,256.52,268.88,130.43,118.45,23.72
TYO,6,7744,2,Oceania,peak,adventure,hostel,2189.4,2133.81,1434.1,1520.49,466.21
LAS,2,1423,2,North America,shoulder,leisure,hotel,437.93,389.14,344.65,153.09,98.2
BKK,8,4732,5,Europe,shoulder,family,apartment,1945.96,820.91,1155.4,608.05,201.68
LAX,1,4806,5,Oceania,shoulder,romantic,resort,1846.3,928.57,1094.02,747.9,189.21
DXB,7,3299,2,Europe,off_peak,business,apartment,1298.74,854.74,614.39,412.7,118.43
TYO,2,7078,2,Middle East,off_peak,adventure,apartment,2565.29,2049.14,1065.3,979.3,418.96
MIA,10,5375,4,Asia,shoulder,family,hotel,1832.77,1763.39,916.17,690.2,172.47
PAR,12,5826,2,Oceania,off_peak,family,resort,1929.64,1237.91,1407.12,1037.84,213.49
DXB,6,7082,3,North America,peak,leisure,apartment,2817.03,2016.82,1260.49,718.39,269.27
NYC,12,2302,1,Middle East,off_peak,leisure,resort,635.35,663.59,416.23,406.3,180.53
PAR,2,3157,2,Oceania,peak,business,airbnb,1006.38,1044.52,529.25,339.19,237.66
LAS,2,3846,5,North America,peak,leisure,apartment,1236.09,838.24,849.25,718.36,204.05
LAS,10,3449,3,Oceania,off_peak,adventure,apartment,1085.07,884.48,741.69,414.36,323.41
LON,13,1441,5,Middle East,off_peak,adventure,resort,487.2,351.8,307.53,243.96,50.51
SYD,8,2407,3,Oceania,shoulder,adventure,airbnb,638.07,691.52,561.85,381.11,134.45
LON,12,5337,2,Europe,off_peak,romantic,apartment,1927.73,975.9,1245.27,713.42,474.68
TYO,2,8605,1,Middle East,off_peak,adventure,hotel,2564.45,2560.4,1400.39,1343.06,736.7
PAR,7,1743,5,Oceania,off_peak,leisure,resort,620.9,467.5,262.46,241.39,150.76
SYD,3,6196,3,Asia,peak,leisure,resort,1855.85,1914.92,1354.14,761.17,309.92
MIA,8,1966,4,Oceania,peak,adventure,apartment,672.15,350.64,483.48,348.45,111.28
NYC,7,4457,2,Europe,peak,family,airbnb,1419.24,1318.42,881.14,562.94,275.26
PAR,14,2466,1,North America,shoulder,family,apartment,1044.04,402.9,459.78,482.9,76.38
LON,8,875,2,North America,shoulder,family,hostel,390.84,205.37,154.24,92.66,31.89
BKK,14,762,4,North America,shoulder,business,apartment,268.85,146.62,173.57,98.79,74.17
SYD,7,4862,1,Asia,peak,romantic,hostel,1717.68,1359.48,850.63,808.03,126.18
SYD,11,7002,4,Europe,off_peak,adventure,hotel,1985.54,1496.55,1641.94,1352.41,525.57
NYC,6,8333,2,Middle East,shoulder,business,resort,2751.61,2385.36,1415.95,1228.08,552.0
LAX,13,2393,3,North America,shoulder,family,resort,754.45,436.49,626.48,427.3,148.28
LAS,7,8606,2,Europe,peak,adventure,airbnb,2791.62,2825.49,1559.35,912.89,516.65
LAS,5,2152,2,Oceania,shoulder,business,apartment,890.79,357.67,429.97,327.0,146.57
BKK,7,6040,2,Asia,off_peak,leisure,hotel,1694.63,1547.46,1334.97,1045.16,417.78
TYO,1,4392,5,Europe,peak,family,hostel,1372.82,1231.34,912.65,714.81,160.38
TYO,1,1099,4,Europe,peak,business,airbnb,254.01,345.18,244.93,155.78,99.1
MIA,9,5315,4,Middle East,off_peak,leisure,hotel,2003.75,1256.84,936.81,789.81,327.78
PAR,14,2412,4,Europe,off_peak,family,hotel,943.85,521.8,491.3,381.45,73.61
DXB,5,9984,5,Middle East,off_peak,romantic,hostel,2867.14,3023.26,1886.15,1777.24,430.22
LAX,13,9292,3,Asia,shoulder,family,hostel,3459.1,1790.32,1871.34,1142.8,1028.45
LON,5,9072,2,Asia,off_peak,romantic,resort,2574.94,2584.54,1934.01,1494.48,484.03
DXB,3,4713,3,Oceania,peak,romantic,apartment,1980.01,881.93,778.2,915.84,157.02
DXB,5,4137,5,Middle East,off_peak,romantic,airbnb,1648.19,1054.73,711.84,423.25,298.98
SYD,3,9790,4,Middle East,peak,adventure,apartment,3531.31,2845.76,1867.72,1038.35,506.86
BKK,9,6099,2,North America,peak,adventure,airbnb,2300.83,1115.38,1109.66,978.21,594.93
LAS,9,6948,1,North America,shoulder,romantic,hotel,2567.69,1355.09,1440.53,1128.57,456.12
MIA,6,9057,1,Oceania,off_peak,leisure,hostel,3438.01,2173.31,1575.42,1344.54,525.72
TYO,1,7882,3,Asia,shoulder,romantic,hostel,2558.35,2230.96,1302.37,1187.34,602.98
BKK,7,9482,4,North America,off_peak,business,hotel,2740.95,3097.03,1472.38,1782.97,388.66
SYD,7,4069,1,Europe,off_peak,romantic,hotel,1244.27,1062.44,942.97,492.21,327.11
LON,14,8207,3,Asia,off_peak,adventure,airbnb,3312.43,1537.08,1672.29,1251.61,433.59
MIA,10,1246,5,Europe,off_peak,adventure,hotel,423.79,349.89,231.38,205.95,35.0
SYD,10,9004,3,Middle East,off_peak,business,airbnb,2337.36,2984.95,2176.98,1005.16,499.54
LAS,4,5133,3,Asia,peak,business,apartment,2065.75,870.26,875.39,832.58,489.01
LAS,8,1420,3,Oceania,peak,family,hostel,527.0,393.18,237.18,213.84,48.8
LAS,6,9769,2,Middle East,off_peak,leisure,hostel,3890.24,2135.01,1855.37,1627.54,260.83
BKK,4,7508,3,Middle East,peak,leisure,hostel,3166.58,1577.84,1308.46,814.46,640.67
BKK,4,2881,3,Europe,shoulder,leisure,apartment,1267.44,460.15,464.86,573.21,115.34
TYO,2,4118,2,Middle East,shoulder,adventure,apartment,1397.34,1022.95,884.94,587.28,225.48
TYO,14,9489,2,North America,shoulder,leisure,resort,4123.86,1814.66,1633.98,1005.55,910.95
LON,2,4943,5,Asia,off_peak,family,airbnb,1929.69,751.71,1087.13,692.5,481.98
MIA,12,772,4,North America,off_peak,family,airbnb,235.02,224.69,163.67,77.86,70.75
NYC,14,2273,1,Europe,peak,leisure,resort,639.34,650.37,523.47,375.18,84.65
NYC,4,3047,1,Europe,peak,business,hostel,1199.33,531.88,573.44,484.32,258.03
SYD,5,3664,3,Asia,peak,family,airbnb,1423.89,774.96,897.28,446.68,121.19
LAS,8,5280,5,Middle East,shoulder,business,airbnb,2166.78,1330.69,787.96,793.02,201.56
MIA,6,1446,3,Oceania,shoulder,adventure,hostel,409.49,276.92,363.53,280.53,115.53
DXB,14,1006,1,Europe,shoulder,family,hotel,286.63,292.45,187.38,148.37,91.17
BKK,4,7219,2,Asia,shoulder,business,hotel,2288.64,1844.42,1649.45,972.48,464.0
PAR,13,8935,4,Oceania,peak,leisure,resort,3257.48,1759.27,1986.12,1533.05,399.09
LAX,11,9197,5,Middle East,off_peak,adventure,apartment,2374.68,3287.46,1956.37,1109.98,468.51
LON,7,6860,2,Europe,off_peak,romantic,airbnb,2656.2,1262.28,1093.09,1278.81,569.62
LAS,8,8157,4,Asia,shoulder,romantic,airbnb,2966.43,1537.79,1888.99,1213.68,550.11
LAS,2,4090,5,Asia,off_peak,leisure,resort,1349.62,819.41,835.56,870.05,215.36
LAS,12,1692,5,Asia,off_peak,adventure,resort,551.26,375.13,344.16,320.39,101.06
BKK,7,1964,1,Europe,off_peak,adventure,airbnb,828.37,348.49,482.42,238.76,65.96
BKK,14,890,2,Oceania,shoulder,adventure,hostel,279.85,186.94,199.56,144.06,79.59
LAX,2,6115,5,Asia,peak,adventure,hostel,1789.5,1716.26,1260.31,1121.55,227.37
DXB,2,6606,5,Middle East,peak,romantic,apartment,1841.57,1687.24,1656.31,1197.51,223.36
MIA,8,9364,4,Asia,off_peak,business,airbnb,3049.86,2085.37,2052.91,1693.86,482.01
LAS,2,3060,1,Oceania,peak,adventure,airbnb,1040.33,850.06,600.11,364.25,205.25
NYC,11,6367,3,Europe,peak,business,airbnb,1955.61,2005.55,1413.67,739.43,252.74
TYO,9,1711,1,Asia,shoulder,adventure,airbnb,538.08,391.41,409.54,219.19,152.79
NYC,12,9621,3,Asia,shoulder,family,resort,2974.42,2771.61,1865.64,1447.46,561.87
SYD,1,2039,2,Middle East,off_peak,family,hotel,786.32,377.84,452.79,307.86,114.19
NYC,9,9604,2,Middle East,off_peak,family,airbnb,3509.83,2534.68,1786.23,1001.52,771.73
SYD,1,1143,5,Asia,off_peak,adventure,hotel,426.68,290.14,259.24,124.41,42.53
PAR,10,9193,2,Asia,shoulder,business,hostel,3693.35,1642.75,2203.32,1263.29,390.29
TYO,13,9421,5,Middle East,peak,romantic,apartment,3454.0,2530.82,1738.44,1083.9,613.83
NYC,10,1783,1,Oceania,shoulder,leisure,hostel,659.0,532.63,261.95,250.0,79.42
PAR,2,8180,2,North America,shoulder,romantic,airbnb,2585.47,2679.06,1473.71,1086.42,355.35
LON,6,7845,1,North America,peak,adventure,hostel,3200.7,1747.32,1499.24,1052.29,345.44
MIA,6,4886,1,Asia,peak,family,resort,2041.34,771.27,1084.99,789.76,198.64
PAR,1,1419,2,Middle East,off_peak,family,hotel,443.06,440.97,283.52,198.03,53.42
MIA,7,2839,1,Europe,peak,business,airbnb,973.77,788.43,560.13,353.98,162.68
NYC,8,9447,2,Europe,peak,adventure,resort,2878.29,1780.0,2240.3,1734.32,814.1
DXB,2,6430,2,North America,peak,romantic,hotel,2027.48,1910.5,1435.52,785.94,270.56
PAR,8,5902,2,Oceania,peak,adventure,resort,2083.42,1129.45,1448.69,813.06,427.39
TYO,9,6163,3,North America,off_peak,adventure,hostel,2210.2,1515.61,992.36,1192.73,252.1
NYC,6,5775,1,Asia,off_peak,family,airbnb,2044.79,1574.7,840.37,987.49,327.65
LAS,5,1007,4,Oceania,peak,romantic,hostel,359.86,266.64,192.0,109.37,79.12
BKK,12,1936,2,Europe,peak,leisure,apartment,710.12,336.76,426.5,330.05,132.57
PAR,9,9250,1,Middle East,off_peak,family,airbnb,2802.46,2305.11,1621.13,1544.48,976.82
TYO,13,7854,5,Middle East,off_peak,romantic,hostel,2412.18,1958.32,2215.07,972.63,295.8
LON,12,5016,2,Asia,peak,business,airbnb,1636.25,1353.45,1000.89,782.41,243.0
LAS,11,4122,2,North America,shoulder,family,hotel,1879.16,672.14,798.37,589.1,183.23
LON,9,4899,4,Asia,off_peak,business,airbnb,1552.87,1307.79,988.9,645.84,403.6
NYC,1,5537,3,Middle East,off_peak,family,airbnb,2292.28,1202.49,1063.56,751.06,227.62
BKK,11,8611,3,Europe,off_peak,adventure,hotel,3736.23,1485.47,1539.6,1030.98,818.72
PAR,3,4215,2,Middle East,peak,romantic,hostel,1126.09,1231.05,672.02,777.31,408.53
PAR,9,8337,1,Oceania,peak,business,airbnb,2535.57,2269.43,1610.54,1310.7,610.77
DXB,11,1801,5,Middle East,off_peak,family,resort,514.29,441.56,434.72,237.39,173.04
DXB,2,7870,5,Middle East,peak,business,airbnb,2712.07,1792.52,1596.15,1343.22,426.04
NYC,12,5685,1,Oceania,peak,family,hostel,1459.22,1659.23,1396.81,924.12,245.61
NYC,4,2655,2,North America,off_peak,family,hotel,812.68,900.29,410.5,420.04,111.49
BKK,4,6911,5,Middle East,peak,leisure,hostel,2296.9,1583.92,1288.2,1342.95,399.02
DXB,2,6865,3,Asia,shoulder,leisure,apartment,2183.9,1646.68,1644.13,1155.39,234.9
TYO,3,1192,1,Middle East,peak,leisure,airbnb,327.15,334.03,302.86,167.89,60.07
TYO,13,1978,4,Asia,peak,business,airbnb,764.63,517.4,395.11,219.9,80.97
BKK,3,6896,2,Oceania,off_peak,adventure,hotel,2294.97,1433.56,1851.39,763.06,553.03
TYO,1,8948,1,Middle East,off_peak,family,airbnb,2945.81,1788.64,1989.53,1391.71,832.32
SYD,6,941,5,Oceania,shoulder,romantic,resort,333.18,196.78,192.51,149.05,69.49
MIA,8,3146,2,Oceania,peak,leisure,resort,1216.87,595.36,695.6,421.32,216.85
BKK,12,5709,3,North America,shoulder,business,hostel,1887.39,1129.15,1476.51,691.38,524.57
BKK,3,7033,2,Middle East,shoulder,business,hotel,2323.2,2044.26,1407.01,813.11,445.42
LAX,5,5177,2,Asia,off_peak,business,apartment,1562.79,1515.95,981.18,884.01,233.06
LAS,1,7711,3,Asia,peak,romantic,hostel,3053.49,1762.56,1670.55,707.73,516.67
LAS,10,3145,3,Middle East,off_peak,romantic,hotel,950.5,721.49,724.37,604.39,144.24
SYD,7,8710,2,North America,shoulder,leisure,hotel,3123.39,2044.21,1741.55,1109.94,690.91
DXB,10,9816,3,North America,shoulder,romantic,hostel,4293.48,1760.7,1814.41,1245.55,701.87
NYC,13,8433,1,North America,off_peak,leisure,hostel,3112.37,2288.5,1688.05,1042.56,301.52
NYC,1,5976,3,Asia,off_peak,romantic,airbnb,1862.63,1902.28,1050.52,779.79,380.78
LON,12,8428,3,Oceania,off_peak,romantic,apartment,2589.9,1885.83,1615.88,1911.24,425.15
SYD,11,2580,2,North America,off_peak,romantic,resort,1007.37,412.53,565.2,381.49,213.42
BKK,9,6589,1,Asia,off_peak,leisure,airbnb,2378.85,1512.66,1358.14,890.63,448.72
SYD,8,7896,4,Asia,shoulder,family,hotel,2423.92,2420.99,1690.67,848.7,511.73
SYD,7,8297,4,Oceania,off_peak,leisure,apartment,3062.93,2201.52,1756.69,878.36,397.5
SYD,10,1361,5,Middle East,peak,family,apartment,511.82,286.22,275.84,223.92,63.2
LAS,7,8846,3,Middle East,shoulder,business,hostel,3031.82,1760.4,2226.93,1369.89,456.97
SYD,5,3994,3,North America,shoulder,business,apartment,1433.93,667.67,988.72,528.12,375.56
MIA,5,1404,1,North America,peak,leisure,apartment,466.81,427.42,233.33,156.96,119.48
NYC,11,1769,4,Oceania,peak,family,hotel,495.47,506.73,312.36,296.04,158.39
LON,13,904,5,North America,shoulder,family,airbnb,352.85,175.48,147.64,156.64,71.39
MIA,5,9535,1,Oceania,off_peak,family,apartment,2652.9,2710.99,1721.95,2042.29,406.86
LON,1,1684,3,Asia,shoulder,business,hostel,543.83,425.36,366.25,277.61,70.94
LAX,8,9438,4,North America,shoulder,leisure,airbnb,2914.38,2724.01,1787.46,1349.82,662.33
LON,12,2225,5,Asia,peak,adventure,hostel,686.89,646.16,378.47,311.91,201.58
NYC,11,8962,2,Europe,shoulder,family,apartment,2608.68,2393.54,1816.06,1232.0,911.72
NYC,1,6311,4,Oceania,off_peak,family,airbnb,2591.8,1148.61,1327.83,976.61,266.15
SYD,4,6106,5,Europe,peak,adventure,apartment,2428.51,1323.01,1339.95,706.16,308.37
PAR,9,4456,1,North America,shoulder,leisure,hotel,1438.01,955.15,1273.84,592.83,196.17
LAX,14,671,2,Asia,shoulder,family,airbnb,263.67,168.04,96.36,118.68,24.25
BKK,9,8965,5,North America,off_peak,leisure,hostel,3719.74,1447.89,1959.67,1426.67,411.02
TYO,5,2806,5,Europe,shoulder,family,hotel,935.92,675.84,568.12,463.69,162.42
LON,4,9850,3,North America,shoulder,romantic,resort,3276.86,2582.62,2098.72,1276.79,615.01
PAR,3,921,4,Middle East,shoulder,family,hostel,302.61,286.66,172.13,100.93,58.67
SYD,3,6040,3,Europe,shoulder,romantic,apartment,2070.08,1607.86,1150.45,944.37,267.24
LAS,12,9901,2,North America,off_peak,leisure,hostel,3285.77,2859.56,1649.32,1282.08,824.27
BKK,5,5175,5,Asia,shoulder,family,resort,1720.87,1466.25,1063.13,528.48,396.26
DXB,10,9582,3,North America,shoulder,business,hostel,2686.38,2916.72,1718.4,1299.03,961.47
PAR,1,7248,4,Asia,shoulder,business,hotel,2388.95,2246.9,1324.71,863.12,424.32
LAS,5,6603,2,Middle East,peak,adventure,hostel,2571.46,1369.21,1234.94,1172.22,255.17
LAX,6,1973,1,North America,off_peak,business,airbnb,612.89,611.03,342.58,259.0,147.5
SYD,7,3743,3,Middle East,peak,romantic,resort,1303.33,976.12,802.25,344.12,317.18
BKK,12,2681,2,Europe,peak,business,hostel,992.69,722.86,440.84,422.06,102.55
BKK,9,3596,1,Asia,off_peak,business,resort,1432.22,656.07,812.11,566.3,129.29
BKK,3,7146,3,Europe,peak,business,hotel,2714.21,1680.1,1364.02,811.93,575.75
LAX,2,6382,2,Asia,peak,family,airbnb,2191.3,1429.52,1241.57,1039.57,480.04
LON,14,6482,2,Middle East,peak,adventure,apartment,2024.52,1429.7,1298.55,1211.76,517.47
DXB,3,6298,3,Oceania,off_peak,leisure,hostel,2140.19,1418.21,1320.08,1219.85,199.66
LAX,12,8915,2,North America,shoulder,adventure,hotel,3619.27,1928.28,1576.94,934.26,856.24
TYO,9,8911,5,Middle East,off_peak,romantic,resort,3871.83,1452.97,1810.18,1031.93,744.09
DXB,12,8956,3,Asia,off_peak,family,resort,3381.75,1848.78,1427.42,1616.57,681.49
NYC,7,9645,2,Asia,off_peak,family,hotel,2482.05,2721.11,2281.26,1570.78,589.79
SYD,9,5024,1,Asia,peak,business,hostel,1684.48,1258.1,982.83,903.38,195.21
LAX,13,7059,1,Asia,shoulder,business,apartment,2659.71,1331.91,1214.03,1185.14,668.21
LAS,2,8120,5,North America,off_peak,romantic,hostel,2320.48,2820.16,1498.11,1145.64,335.61
DXB,5,3274,3,Europe,off_peak,family,airbnb,1154.89,833.39,601.1,456.82,227.8
TYO,13,6173,2,Oceania,shoulder,leisure,hostel,2174.26,1333.21,1413.6,988.8,263.13
NYC,4,3624,2,North America,shoulder,adventure,airbnb,1124.21,1101.27,574.5,626.67,197.35
LON,2,9171,1,Asia,shoulder,family,resort,3002.41,1717.36,2071.76,1587.98,791.49
LAS,9,1853,5,North America,peak,leisure,airbnb,518.84,575.58,368.02,308.79,81.77
DXB,9,9581,1,Middle East,shoulder,leisure,apartment,3537.93,3001.07,1593.6,1112.02,336.39
SYD,6,4354,1,Asia,peak,adventure,hotel,1327.27,1125.12,1020.61,559.5,321.49
LAS,11,8634,5,Oceania,off_peak,leisure,airbnb,3156.35,1895.32,1834.37,1065.72,682.25
NYC,6,1424,3,Asia,peak,romantic,hostel,379.61,411.67,233.18,277.71,121.83
LAS,8,2670,2,Oceania,shoulder,leisure,airbnb,883.55,652.03,487.6,489.8,157.02
MIA,6,6006,3,Oceania,peak,romantic,resort,2699.04,1034.29,1100.8,918.65,253.21
PAR,1,2895,4,Europe,shoulder,leisure,airbnb,1085.22,469.49,691.7,516.28,132.31
LON,4,8720,4,Europe,peak,business,apartment,3078.96,2134.24,1975.52,1244.44,286.85
NYC,13,8726,4,North America,off_peak,leisure,airbnb,2591.21,2068.21,2104.01,1599.51,363.06
LAS,7,6015,5,North America,peak,romantic,apartment,2124.92,1816.46,812.37,926.6,334.65
PAR,13,3170,1,Oceania,off_peak,leisure,hostel,1093.1,767.67,703.54,364.93,240.76
PAR,13,3865,3,Asia,shoulder,leisure,resort,1135.92,907.12,946.97,675.65,199.34
LAS,2,1088,2,Middle East,off_peak,leisure,hotel,427.2,182.75,201.83,196.35,79.88
SYD,9,3638,4,Middle East,shoulder,romantic,hostel,1269.72,1063.87,700.86,378.83,224.72
MIA,8,9595,3,Asia,shoulder,leisure,hostel,3689.38,2754.21,1636.29,876.19,638.93
LAX,8,7163,4,Asia,off_peak,adventure,hotel,2655.34,1392.54,1317.98,1328.11,469.03
MIA,7,4586,4,Europe,off_peak,adventure,airbnb,1500.95,1291.35,787.48,562.13,444.1
LAS,4,9031,2,Middle East,peak,romantic,airbnb,2719.58,1937.22,1866.18,1734.61,773.41
LON,2,4770,5,Oceania,peak,business,airbnb,1267.56,1413.79,981.72,722.82,384.1
LAX,3,6519,1,North America,off_peak,adventure,resort,1781.13,2132.44,1321.04,840.95,443.45
NYC,12,1056,5,Europe,off_peak,family,hostel,329.72,311.14,171.8,150.78,92.55
MIA,6,8522,3,Middle East,off_peak,adventure,apartment,3410.51,1662.05,1689.87,1266.52,493.04
LAS,12,5952,5,Asia,off_peak,family,hotel,1725.98,1696.56,1022.89,1115.5,391.06
MIA,12,4067,3,Middle East,shoulder,romantic,hostel,1630.25,800.14,886.85,428.1,321.66
LAX,5,4399,3,Oceania,off_peak,business,airbnb,1571.29,1171.05,799.97,488.88,367.8
TYO,12,6977,1,Europe,off_peak,family,hotel,2490.68,1860.07,1189.29,839.8,597.16
DXB,8,8000,2,Asia,off_peak,family,apartment,2903.23,1568.77,1542.95,1319.46,665.58
MIA,6,1516,1,Oceania,off_peak,adventure,hostel,389.83,485.34,287.2,266.71,86.92
NYC,6,6970,5,North America,shoulder,family,hostel,2411.06,1814.26,1237.19,982.47,525.02
NYC,1,2562,3,Europe,peak,romantic,resort,977.65,432.66,428.4,470.42,252.88
BKK,4,9530,4,Oceania,peak,romantic,hostel,3733.96,1945.44,1808.14,1132.11,910.35
MIA,5,4821,4,Oceania,peak,romantic,hostel,1494.28,1153.73,1078.85,927.93,166.21
DXB,12,3996,3,Asia,peak,adventure,apartment,1278.81,1087.5,873.27,441.12,315.31
SYD,11,2313,1,North America,peak,business,apartment,784.56,696.12,379.95,263.65,188.71
PAR,3,6756,2,Oceania,shoulder,adventure,hotel,2428.31,1916.03,1418.02,686.04,307.6
DXB,13,2813,1,Europe,peak,romantic,airbnb,850.38,948.64,559.6,312.84,141.54
PAR,9,1731,3,Oceania,shoulder,adventure,apartment,613.41,461.69,346.95,200.7,108.25
PAR,1,6331,3,Middle East,shoulder,romantic,hotel,2307.28,1405.38,1148.9,923.59,545.85
TYO,6,3499,2,Europe,peak,leisure,hostel,1444.34,592.31,810.6,451.02,200.73
BKK,6,3940,5,Europe,peak,leisure,hotel,1293.86,928.23,704.7,680.43,332.77
DXB,10,4556,5,Oceania,peak,family,hotel,1686.38,887.71,921.08,666.08,394.74
DXB,5,805,2,Asia,off_peak,business,hotel,241.42,251.16,161.48,128.03,22.92
TYO,12,2189,5,Europe,shoulder,leisure,hotel,774.84,566.85,341.57,290.92,214.83
MIA,5,4417,4,Middle East,peak,romantic,apartment,1657.36,926.23,995.41,511.1,326.9
MIA,10,7580,5,Asia,off_peak,adventure,airbnb,2736.54,1643.61,1678.62,842.59,678.64
MIA,14,9111,5,Asia,shoulder,adventure,hotel,3869.71,1318.13,2055.29,1321.32,546.55
LON,13,3436,5,Asia,off_peak,family,resort,1081.58,869.9,890.16,439.84,154.51
PAR,5,4362,4,Europe,off_peak,adventure,hostel,1293.5,1128.71,1053.56,682.29,203.94
LON,6,6149,5,Asia,peak,leisure,hostel,2282.74,1539.96,1044.22,1019.96,262.11
BKK,8,3761,4,Oceania,shoulder,adventure,hostel,1306.77,811.31,732.2,610.85,299.87
TYO,2,9856,2,Asia,off_peak,leisure,hostel,2528.71,3173.58,2149.42,1664.35,339.95
DXB,6,2319,1,Middle East,shoulder,leisure,hostel,680.33,821.03,407.71,278.19,131.74
PAR,1,1842,2,North America,peak,business,hotel,725.02,410.94,405.61,223.59,76.84
LON,4,6060,1,Middle East,shoulder,family,airbnb,2134.07,1669.73,1156.48,822.98,276.75
LON,14,2726,2,Europe,off_peak,romantic,resort,899.57,839.47,551.5,318.46,117.0
LAS,10,1579,1,Asia,off_peak,leisure,apartment,505.97,522.23,293.01,165.39,92.41
LON,3,4706,1,Asia,shoulder,family,resort,1682.63,1178.21,779.92,740.15,325.09
SYD,9,6780,3,Oceania,off_peak,romantic,apartment,2062.84,1323.05,1484.7,1203.5,705.91
DXB,3,7735,1,Asia,off_peak,adventure,apartment,2434.78,2206.16,1177.04,1375.89,541.13
SYD,6,1313,1,Middle East,off_peak,family,resort,538.33,255.68,220.54,243.73,54.71
DXB,1,5589,3,Europe,peak,family,hotel,1822.05,1240.53,1057.1,1075.39,393.93
TYO,12,2531,5,North America,peak,family,hostel,743.21,583.72,574.56,472.34,157.17
DXB,6,9014,5,Asia,off_peak,adventure,hotel,3257.61,1806.01,1805.29,1567.27,577.82
SYD,4,9595,3,North America,shoulder,adventure,hostel,2722.18,2336.26,2145.6,1655.67,735.3
DXB,8,6411,4,Asia,peak,family,airbnb,2108.89,1370.12,1615.67,816.16,500.16
TYO,13,3153,1,Europe,shoulder,business,apartment,1061.93,765.82,614.47,597.3,113.48
TYO,11,3840,1,Middle East,off_peak,leisure,resort,1325.2,1033.23,796.23,473.46,211.88
BKK,9,8376,3,Europe,off_peak,adventure,airbnb,3528.83,1928.47,1598.65,1063.02,257.04
DXB,4,1641,3,North America,shoulder,business,hostel,539.78,450.63,351.17,161.4,138.02
LAS,10,9541,4,Asia,peak,adventure,hotel,3135.0,2286.36,2214.61,1155.52,749.52
MIA,12,9058,5,North America,shoulder,family,resort,3169.34,2519.8,1665.47,1110.89,592.51
NYC,10,3397,2,Middle East,shoulder,business,apartment,1114.7,667.41,802.35,506.2,306.34
TYO,6,9781,5,Europe,off_peak,romantic,airbnb,3066.34,2324.25,2219.04,1735.46,435.92
LAX,1,4541,1,North America,peak,leisure,apartment,1806.88,972.59,670.01,671.95,419.57
MIA,4,2538,3,North America,shoulder,leisure,hostel,1042.17,410.66,532.08,422.35,130.75
PAR,7,4770,4,Middle East,peak,adventure,apartment,1773.52,1150.53,802.8,818.31,224.84
DXB,12,5183,5,Asia,off_peak,leisure,hotel,1763.4,1042.24,1230.31,808.68,338.37
SYD,1,994,4,North America,peak,romantic,airbnb,370.78,181.39,239.73,146.46,55.64
NYC,8,7616,5,Middle East,off_peak,business,airbnb,2261.67,1508.04,1988.12,1196.49,661.67
LAX,12,2284,1,Asia,peak,business,hotel,615.48,644.6,560.08,300.67,163.15
MIA,10,4010,2,Asia,shoulder,family,apartment,1653.98,1109.58,589.91,520.59,135.95
DXB,12,4286,4,Europe,off_peak,business,hotel,1639.59,1065.19,953.78,395.96,231.48
BKK,11,5766,4,Middle East,shoulder,adventure,resort,1780.12,1446.43,1092.16,873.26,574.03
PAR,6,9690,2,Asia,off_peak,romantic,hotel,2689.68,2333.07,2308.53,1905.46,453.25
NYC,5,5928,4,Europe,peak,family,apartment,2348.03,1086.57,1027.88,1008.76,456.76
LAS,10,7181,4,Oceania,peak,adventure,hotel,2707.55,1991.66,1114.54,1001.31,365.94
BKK,11,7393,5,Middle East,off_peak,adventure,hostel,2571.95,1359.84,1365.75,1397.25,698.22
LAX,14,5158,5,Oceania,off_peak,adventure,hotel,1740.2,1167.77,1035.07,752.55,462.41
NYC,9,7582,2,Asia,off_peak,leisure,hotel,2128.83,1772.5,1787.4,1415.24,478.03
BKK,2,7369,1,Middle East,peak,adventure,apartment,1965.91,2221.65,1480.07,1258.61,442.76
PAR,5,8107,4,Europe,off_peak,leisure,resort,2907.79,1547.99,2059.16,1161.06,431.0
LAS,6,8169,1,Asia,off_peak,business,resort,2862.56,2023.59,1506.04,960.74,816.06
BKK,7,6719,2,Middle East,shoulder,leisure,apartment,2013.05,1603.82,1314.84,1359.62,427.66
LON,5,5034,2,Middle East,off_peak,adventure,apartment,1572.48,870.05,1271.42,981.05,339.0
LAS,9,6479,5,Oceania,shoulder,romantic,apartment,1950.27,1589.39,1480.71,1207.27,251.36
LAX,1,9390,4,Asia,shoulder,romantic,hostel,3271.94,1858.72,1917.6,1492.72,849.02
PAR,7,1812,3,Europe,shoulder,business,airbnb,648.2,502.67,345.15,251.13,64.85
DXB,10,3462,2,Europe,peak,adventure,hotel,1154.91,611.88,926.26,610.61,158.34
SYD,7,3438,4,Asia,shoulder,leisure,apartment,1081.66,886.46,715.28,506.2,248.4
SYD,4,3697,1,Asia,off_peak,romantic,apartment,1441.73,878.59,673.66,602.1,100.93
SYD,9,5796,5,North America,peak,family,apartment,1767.59,1521.88,1346.59,906.78,253.16
NYC,14,7704,1,Oceania,peak,adventure,resort,2988.51,1478.73,1568.44,1296.46,371.86
LAX,12,6230,2,Asia,peak,adventure,apartment,2227.67,1553.05,1278.08,665.18,506.01
PAR,11,626,2,Asia,peak,family,hotel,179.25,210.37,131.89,80.26,24.23
LAS,5,6102,1,North America,peak,romantic,apartment,2202.94,1530.83,1162.21,816.6,389.42
NYC,4,1691,2,North America,peak,family,hotel,561.49,403.29,400.59,272.48,53.15
LAX,13,3139,4,Middle East,peak,business,hostel,1093.37,934.75,480.96,439.61,190.31
